id,shortname,theme,group,sort,name,url,description,type,sourceurl,localfile,redirect,redistribute
gadm,adm0,admin,admin,NA,Administrative 0,metadata.html,Country Borders,raster,http://gadm.org,gadm/adm0.tif,,0
gadm,adm0,admin,admin,NA,Administrative 0,metadata.html,Country Borders,vector,http://gadm.org,NA,,0
gadm,adm1,admin,admin,NA,Administrative 1,metadata.html,1st level administrative sub-divisions,vector,http://gadm.org,NA,,0
gadm,adm2,admin,admin,NA,Administrative 2,metadata.html,2nd level administrative sub-divisions,vector,http://gadm.org,NA,,0
gadm,adm3,admin,admin,NA,Administrative 3,metadata.html,3rd level administrative sub-divisions,vector,http://gadm.org,NA,,0
gadm,adm4,admin,admin,NA,Administrative 4,metadata.html,4th level administrative sub-divisions,vector,http://gadm.org,NA,,0
gadm,adm5,admin,admin,NA,Administrative 5,metadata.html,5th level administrative sub-divisions,vector,http://gadm.org,NA,,0
gadm,gadm,admin,admin,1,Administrative Divisions,metadata.html,"All levels of administrative divisions available, including country border.",vector,http://gadm.org,adm/gadm.zip,http://biogeo.ucdavis.edu/data/gadm2.8/shp/ISO3_adm_shp.zip,1
wc,bio1,climate,climate,1,Annual Mean Temperature,metadata.html,Average annual mean temperature (°C) for 1950-2000. ,raster,http://worldclim.org,bio/bio1.tif,,1
wc,bio10,climate,temp,4,Mean Temperature of Warmest Quarter,metadata.html,Mean Temperature of Warmest Quarter  for 1950-2000. ,raster,http://worldclim.org,bio/bio10.tif,,1
wc,bio11,climate,temp,5,Mean Temperature of Coldest Quarter,metadata.html,Mean Temperature of Coldest Quarter  for 1950-2000. ,raster,http://worldclim.org,bio/bio11.tif,,1
wc,bio12,climate,climate,2,Annual Precipitation,metadata.html,Annual Precipitation  for 1950-2000. ,raster,http://worldclim.org,bio/bio12.tif,,1
wc,bio13,climate,rain,3,Precipitation of Wettest Month,metadata.html,Precipitation of Wettest Month  for 1950-2000. ,raster,http://worldclim.org,bio/bio13.tif,,1
wc,bio14,climate,rain,4,Precipitation of Driest Month,metadata.html,Precipitation of Driest Month  for 1950-2000. ,raster,http://worldclim.org,bio/bio14.tif,,1
wc,bio15,climate,rain,1,Precipitation Seasonality,metadata.html,Precipitation Seasonality (Coefficient of Variation) for 1950-2000. ,raster,http://worldclim.org,bio/bio15.tif,,1
wc,bio16,climate,rain,5,Precipitation of Wettest Quarter,metadata.html,Precipitation of Wettest Quarter  for 1950-2000. ,raster,http://worldclim.org,bio/bio16.tif,,1
wc,bio17,climate,rain,6,Precipitation of Driest Quarter,metadata.html,Precipitation of Driest Quarter  for 1950-2000. ,raster,http://worldclim.org,bio/bio17.tif,,1
wc,bio18,climate,rain,7,Precipitation of Warmest Quarter,metadata.html,Precipitation of Warmest Quarter  for 1950-2000. ,raster,http://worldclim.org,bio/bio18.tif,,1
wc,bio19,climate,rain,8,Precipitation of Coldest Quarter,metadata.html,Precipitation of Coldest Quarter  for 1950-2000. ,raster,http://worldclim.org,bio/bio19.tif,,1
wc,bio2,climate,temp,2,Temperature Mean Diurnal Range,metadata.html,Mean Diurnal Range (Mean of monthly (max temp - min temp)) for 1950-2000. ,raster,http://worldclim.org,bio/bio2.tif,,1
wc,bio3,climate,temp,3,Isothermality,metadata.html,Isothermality  (BIO2/BIO7) (* 100) for 1950-2000. ,raster,http://worldclim.org,bio/bio3.tif,,1
wc,bio4,climate,temp,2,Temperature Seasonality,metadata.html,Temperature Seasonality (standard deviation *100) for 1950-2000. ,raster,http://worldclim.org,bio/bio4.tif,,1
wc,bio5,climate,temp,7,Max Temperature of Warmest Month,metadata.html,Max Temperature of Warmest Month for 1950-2000. ,raster,http://worldclim.org,bio/bio5.tif,,1
wc,bio6,climate,temp,6,Min Temperature of Coldest Month,metadata.html,Min Temperature of Coldest Month for 1950-2000. ,raster,http://worldclim.org,bio/bio6.tif,,1
wc,bio7,climate,temp,1,Temperature Annual Range,metadata.html,Temperature Annual Range (BIO5-BIO6) for 1950-2000. ,raster,http://worldclim.org,bio/bio7.tif,,1
wc,bio8,climate,temp,8,Mean Temperature of Wettest Quarter,metadata.html,Mean Temperature of Wettest Quarter for 1950-2000. ,raster,http://worldclim.org,bio/bio8.tif,,1
wc,bio9,climate,temp,9,Mean Temperature of Driest Quarter,metadata.html,Mean Temperature of Driest Quarter for 1950-2000. ,raster,http://worldclim.org,bio/bio9.tif,,1
wc2,bio1,climate,climate,1,Annual Mean Temperature,metadata.html,Average annual mean temperature (°C) for 1970-2000. ,raster,http://worldclim.org/version2,worldclim/v2.0/tif/base/wc2.0_bio_30s_01.tif,,0
wc2,bio10,climate,temp,4,Mean Temperature of Warmest Quarter,metadata.html,Mean Temperature of Warmest Quarter  for 1970-2000. ,raster,http://worldclim.org/version2,worldclim/v2.0/tif/base/wc2.0_bio_30s_10.tif,,0
wc2,bio11,climate,temp,5,Mean Temperature of Coldest Quarter,metadata.html,Mean Temperature of Coldest Quarter  for 1970-2000. ,raster,http://worldclim.org/version2,worldclim/v2.0/tif/base/wc2.0_bio_30s_11.tif,,0
wc2,bio12,climate,climate,2,Annual Precipitation,metadata.html,Annual Precipitation  for 1970-2000. ,raster,http://worldclim.org/version2,worldclim/v2.0/tif/base/wc2.0_bio_30s_12.tif,,0
wc2,bio13,climate,rain,3,Precipitation of Wettest Month,metadata.html,Precipitation of Wettest Month for 1970-2000. ,raster,http://worldclim.org/version2,worldclim/v2.0/tif/base/wc2.0_bio_30s_13.tif,,0
wc2,bio14,climate,rain,4,Precipitation of Driest Month,metadata.html,Precipitation of Driest Month for 1970-2000. ,raster,http://worldclim.org/version2,worldclim/v2.0/tif/base/wc2.0_bio_30s_14.tif,,0
wc2,bio15,climate,rain,1,Precipitation Seasonality,metadata.html,Precipitation Seasonality (Coefficient of Variation) for 1970-2000. ,raster,http://worldclim.org/version2,worldclim/v2.0/tif/base/wc2.0_bio_30s_15.tif,,0
wc2,bio16,climate,rain,5,Precipitation of Wettest Quarter,metadata.html,Precipitation of Wettest Quarter for 1970-2000. ,raster,http://worldclim.org/version2,worldclim/v2.0/tif/base/wc2.0_bio_30s_16.tif,,0
wc2,bio17,climate,rain,6,Precipitation of Driest Quarter,metadata.html,Precipitation of Driest Quarter for 1970-2000. ,raster,http://worldclim.org/version2,worldclim/v2.0/tif/base/wc2.0_bio_30s_17.tif,,0
wc2,bio18,climate,rain,7,Precipitation of Warmest Quarter,metadata.html,Precipitation of Warmest Quarter  for 1970-2000. ,raster,http://worldclim.org/version2,worldclim/v2.0/tif/base/wc2.0_bio_30s_18.tif,,0
wc2,bio19,climate,rain,8,Precipitation of Coldest Quarter,metadata.html,Precipitation of Coldest Quarter  for 1970-2000. ,raster,http://worldclim.org/version2,worldclim/v2.0/tif/base/wc2.0_bio_30s_19.tif,,0
wc2,bio2,climate,temp,2,Temperature Mean Diurnal Range,metadata.html,Mean Diurnal Range (Mean of monthly (max temp - min temp)) for 1970-2000. ,raster,http://worldclim.org/version2,worldclim/v2.0/tif/base/wc2.0_bio_30s_02.tif,,0
wc2,bio3,climate,temp,3,Isothermality,metadata.html,Isothermality  (BIO2/BIO7) (* 100) for 1970-2000. ,raster,http://worldclim.org/version2,worldclim/v2.0/tif/base/wc2.0_bio_30s_03.tif,,0
wc2,bio4,climate,temp,2,Temperature Seasonality,metadata.html,Temperature Seasonality (standard deviation *100) for 1970-2000. ,raster,http://worldclim.org/version2,worldclim/v2.0/tif/base/wc2.0_bio_30s_04.tif,,0
wc2,bio5,climate,temp,7,Max Temperature of Warmest Month,metadata.html,Max Temperature of Warmest Month  for 1970-2000. ,raster,http://worldclim.org/version2,worldclim/v2.0/tif/base/wc2.0_bio_30s_05.tif,,0
wc2,bio6,climate,temp,6,Min Temperature of Coldest Month,metadata.html,Min Temperature of Coldest Month  for 1970-2000. ,raster,http://worldclim.org/version2,worldclim/v2.0/tif/base/wc2.0_bio_30s_06.tif,,0
wc2,bio7,climate,temp,1,Temperature Annual Range,metadata.html,Temperature Annual Range (BIO5-BIO6) for 1970-2000. ,raster,http://worldclim.org/version2,worldclim/v2.0/tif/base/wc2.0_bio_30s_07.tif,,0
wc2,bio8,climate,temp,8,Mean Temperature of Wettest Quarter,metadata.html,Mean Temperature of Wettest Quarter  for 1970-2000. ,raster,http://worldclim.org/version2,worldclim/v2.0/tif/base/wc2.0_bio_30s_08.tif,,0
wc2,bio9,climate,temp,9,Mean Temperature of Driest Quarter,metadata.html,Mean Temperature of Driest Quarter for 1970-2000. ,raster,http://worldclim.org/version2,worldclim/v2.0/tif/base/wc2.0_bio_30s_09.tif,,0
wc2,tmin,climate,temp,1,Monthly Minimum Temperature,metadata.html,Monthly Minimum Temperature (°C) for 1970-2000 ,raster,http://worldclim.org/version2,worldclim/v2.0/tif/base/wc2.0_30s_tavg_*,,0
wc2,tmax,climate,temp,1,Monthly Maximum Temperature,metadata.html,Monthly Maximum Temperature (°C) for 1970-2000 ,raster,http://worldclim.org/version2,worldclim/v2.0/tif/base/wc2.0_30s_tmax_*,,0
wc2,tavg,climate,temp,1,Monthly Average Temperature,metadata.html,Monthly average Temperature (°C) for 1970-2000 ,raster,http://worldclim.org/version2,worldclim/v2.0/tif/base/wc2.0_30s_tmin_*,,0
wc2,prec,climate,rain,1,Monthly Precipitation,precipitation.html,Monthly Precipitation (mm) for 1970-2000 ,raster,http://worldclim.org/version2,worldclim/v2.0/tif/base/wc2.0_30s_prec_*,,0
wc2,srad,climate,radiation,1,Monthly Solar Radiation,radiation.html,Monthly Solar Radiation (kJ m-2 day-1) for 1970-2000 ,raster,http://worldclim.org/version2,worldclim/v2.0/tif/base/wc2.0_30s_srad_*,,0
wc2,wind,climate,wind,1,Monthly Wind Speed,wind.html,Monthly Wind Speed (m s-1) for 1970-2000 ,raster,http://worldclim.org/version2,worldclim/v2.0/tif/base/wc2.0_30s_wind_*,,0
wc2,vapr,climate,pressure,1,Monthly Water Vapor Pressure,pressure.html,Monthly Water Vapor Pressure (kPa) for 1970-2000 ,raster,http://worldclim.org/version2,worldclim/v2.0/tif/base/wc2.0_30s_vapr_*,,0
access,access_50k,human,human,1,Travel Time to Market,market.html,"Travel time (hours, by road and/or water) to the nearest city with population larger than 50,000 in the year 2000.",raster,http://bioval.jrc.ec.europa.eu/,access/access_50k.tif,,1
pop,worldpop,human,human,2,Population Density,population.html,Population Density at 100m x 100m resolution.,raster,http://www.worldpop.org.uk/,worldpop/worldpop2010.tif,,1
alt,alt,topo,topo,1,Elevation,metadata.html,Elevation values (meter).,raster,http://worldclim.org,ter/alt.tif,,1
alt,slope,topo,topo,2,Slope,metadata.html,Slope(degrees) computed with neighbors=8.,raster,http://worldclim.org,ter/slope.tif,,1
alt,aspect,topo,topo,3,Aspect,metadata.html,Aspect(degrees) computed with neighbors=8 .,raster,http://worldclim.org,ter/aspect.tif,,1
alt,tpi,topo,topo,4,Topographic Position Index,metadata.html,Difference between the value of a cell and the mean value of its 8 surrounding cells.,raster,http://worldclim.org,ter/tpi.tif,,1
alt,tri,topo,topo,5,Terrain Ruggedness Index,metadata.html,Mean of the absolute differences between the value of a cell and the value of its 8 surrounding cells.,raster,http://worldclim.org,ter/tri.tif,,1
alt,roughness,topo,topo,6,Roughness,metadata.html,Difference between the maximum and the minimum value of a cell and its 8 surrounding cells.,raster,http://worldclim.org,ter/roughness.tif,,1
wdpa,wdpa,conserve,conserve,1,Protected Areas,metadata.html,Protected Area Polygons,vector,http://www.protectedplanet.net/,conservation/wdpa/wdpa.gpkg,http://www.protectedplanet.net/country/ISO2,0
glwd,glwd-1,water,water,1,Surface Water,metadata.html,Global Lakes and Wetlands Database,vector,http://www.worldwildlife.org/pages/global-lakes-and-wetlands-database,lakes/glwd_1.shp,http://www.worldwildlife.org/pages/global-lakes-and-wetlands-database,0
ag,rice-1ha,ag,rice,1,Small Rice Growers,metadata.html,Percentage of families with less than 1 Ha rice land by Commune,vector,http://www.opendevelopmentcambodia.net/,rice-1ha.shp,,1
soil,Vill-soiltype,soils,soils,3,Province Soil Type,metadata.html,Percentage of Villages by soil type by Zone/Province (2013 Census),vector,http://www.fao.org/fileadmin/templates/ess/ess_test_folder/World_Census_Agriculture/Country_info_2010/Reports/Reports_5/KHM_ENG_REP_2013.pdf,vill-soiltype.shp,,1
jrcwater,wat_occur,water,surface-water,NA,Occurrence of surface water 1984-2015,metadata.html,Percentage of days water occured for all valid pixels between 1984-2015,raster,https://global-surface-water.appspot.com/download,data/jrc-surfacewater/occurrence.vrt,,1
jrcwater,wat_change,water,surface-water,NA,Change in surface water occurrence 1984-2015,metadata.html,"Locations where surface water occurence increased, decreased or remained the same between 1984-2015",raster,https://global-surface-water.appspot.com/download,data/jrc-surfacewater/change.vrt,,1
jrcwater,wat_season,water,surface-water,NA,Seasonality of water 2014-2015,metadata.html,Intra-annual behaviour of water surfaces for a single year (2014-2015) and shows permanent and seasonal water and the number of months water was present,raster,https://global-surface-water.appspot.com/download,data/jrc-surfacewater/seasonality.vrt,,1
jrcwater,wat_recurr,water,surface-water,NA,Recurrence of surface water 1984-2015,metadata.html,Inter-annual behaviour of water surfaces and captures the frequency with which water returns from year to year,raster,https://global-surface-water.appspot.com/download,data/jrc-surfacewater/recurrence.vrt,,1
jrcwater,wat_trans,water,surface-water,NA,Transitions of surface water 1984-2015,metadata.html,"Change in seasonality between the first, 1984 and last years, 2015 and captures changes between the three classes of not water, seasonal water and permanent water with 11 classes",raster,https://global-surface-water.appspot.com/download,data/jrc-surfacewater/transitions.vrt,,1
jrcwater,wat_maxextent,water,surface-water,NA,Maximum extent of surface water 1984-2015,metadata.html,All the locations ever detected as water over the 32-year period 1984-2015,raster,https://global-surface-water.appspot.com/download,data/jrc-surfacewater/extent.vrt,,1
soil,AWCh1_M_sl1,soils,sl1,1,Available soil water capacity (volumetric fraction) for h1,metadata.html,"Derived available soil water capacity (volumetric fraction) with FC = pF 2.0 for depth 0 cm; source: ISRIC - World Soil Information, publication url: http://dx.doi.org/10.1371/journal.pone.0169748, contact: tom.hengl@isric.org",raster,ftp://ftp.soilgrids.org/data/recent/AWCh1_M_sl1_1km_ll.tif,soil/1km//AWCh1_M_sl1_1km_ll.tif,,1
soil,AWCh1_M_sl2,soils,sl2,2,Available soil water capacity (volumetric fraction) for h1,metadata.html,"Derived available soil water capacity (volumetric fraction) with FC = pF 2.0 for depth 5 cm; source: ISRIC - World Soil Information, publication url: http://dx.doi.org/10.1371/journal.pone.0169748, contact: tom.hengl@isric.org",raster,ftp://ftp.soilgrids.org/data/recent/AWCh1_M_sl2_1km_ll.tif,soil/1km//AWCh1_M_sl2_1km_ll.tif,,1
soil,AWCh1_M_sl3,soils,sl3,3,Available soil water capacity (volumetric fraction) for h1,metadata.html,"Derived available soil water capacity (volumetric fraction) with FC = pF 2.0 for depth 15 cm; source: ISRIC - World Soil Information, publication url: http://dx.doi.org/10.1371/journal.pone.0169748, contact: tom.hengl@isric.org",raster,ftp://ftp.soilgrids.org/data/recent/AWCh1_M_sl3_1km_ll.tif,soil/1km//AWCh1_M_sl3_1km_ll.tif,,1
soil,AWCh1_M_sl4,soils,sl4,4,Available soil water capacity (volumetric fraction) for h1,metadata.html,"Derived available soil water capacity (volumetric fraction) with FC = pF 2.0 for depth 30 cm; source: ISRIC - World Soil Information, publication url: http://dx.doi.org/10.1371/journal.pone.0169748, contact: tom.hengl@isric.org",raster,ftp://ftp.soilgrids.org/data/recent/AWCh1_M_sl4_1km_ll.tif,soil/1km//AWCh1_M_sl4_1km_ll.tif,,1
soil,AWCh1_M_sl5,soils,sl5,5,Available soil water capacity (volumetric fraction) for h1,metadata.html,"Derived available soil water capacity (volumetric fraction) with FC = pF 2.0 for depth 60 cm; source: ISRIC - World Soil Information, publication url: http://dx.doi.org/10.1371/journal.pone.0169748, contact: tom.hengl@isric.org",raster,ftp://ftp.soilgrids.org/data/recent/AWCh1_M_sl5_1km_ll.tif,soil/1km//AWCh1_M_sl5_1km_ll.tif,,1
soil,AWCh1_M_sl6,soils,sl6,6,Available soil water capacity (volumetric fraction) for h1,metadata.html,"Derived available soil water capacity (volumetric fraction) with FC = pF 2.0 for depth 100 cm; source: ISRIC - World Soil Information, publication url: http://dx.doi.org/10.1371/journal.pone.0169748, contact: tom.hengl@isric.org",raster,ftp://ftp.soilgrids.org/data/recent/AWCh1_M_sl6_1km_ll.tif,soil/1km//AWCh1_M_sl6_1km_ll.tif,,1
soil,AWCh1_M_sl7,soils,sl7,7,Available soil water capacity (volumetric fraction) for h1,metadata.html,"Derived available soil water capacity (volumetric fraction) with FC = pF 2.0 for depth 200 cm; source: ISRIC - World Soil Information, publication url: http://dx.doi.org/10.1371/journal.pone.0169748, contact: tom.hengl@isric.org",raster,ftp://ftp.soilgrids.org/data/recent/AWCh1_M_sl7_1km_ll.tif,soil/1km//AWCh1_M_sl7_1km_ll.tif,,1
soil,AWCtS_M_sl1,soils,sl1,1,Saturated water content (volumetric fraction) for tS,metadata.html,"Derived saturated water content (volumetric fraction) teta-S for depth 0 cm; source: ISRIC - World Soil Information, publication url: http://dx.doi.org/10.1371/journal.pone.0169748, contact: tom.hengl@isric.org",raster,ftp://ftp.soilgrids.org/data/recent/AWCtS_M_sl1_1km_ll.tif,soil/1km//AWCtS_M_sl1_1km_ll.tif,,1
soil,AWCtS_M_sl2,soils,sl2,2,Saturated water content (volumetric fraction) for tS,metadata.html,"Derived saturated water content (volumetric fraction) teta-S for depth 5 cm; source: ISRIC - World Soil Information, publication url: http://dx.doi.org/10.1371/journal.pone.0169748, contact: tom.hengl@isric.org",raster,ftp://ftp.soilgrids.org/data/recent/AWCtS_M_sl2_1km_ll.tif,soil/1km//AWCtS_M_sl2_1km_ll.tif,,1
soil,AWCtS_M_sl3,soils,sl3,3,Saturated water content (volumetric fraction) for tS,metadata.html,"Derived saturated water content (volumetric fraction) teta-S for depth 15 cm; source: ISRIC - World Soil Information, publication url: http://dx.doi.org/10.1371/journal.pone.0169748, contact: tom.hengl@isric.org",raster,ftp://ftp.soilgrids.org/data/recent/AWCtS_M_sl3_1km_ll.tif,soil/1km//AWCtS_M_sl3_1km_ll.tif,,1
soil,AWCtS_M_sl4,soils,sl4,4,Saturated water content (volumetric fraction) for tS,metadata.html,"Derived saturated water content (volumetric fraction) teta-S for depth 30 cm; source: ISRIC - World Soil Information, publication url: http://dx.doi.org/10.1371/journal.pone.0169748, contact: tom.hengl@isric.org",raster,ftp://ftp.soilgrids.org/data/recent/AWCtS_M_sl4_1km_ll.tif,soil/1km//AWCtS_M_sl4_1km_ll.tif,,1
soil,AWCtS_M_sl5,soils,sl5,5,Saturated water content (volumetric fraction) for tS,metadata.html,"Derived saturated water content (volumetric fraction) teta-S for depth 60 cm; source: ISRIC - World Soil Information, publication url: http://dx.doi.org/10.1371/journal.pone.0169748, contact: tom.hengl@isric.org",raster,ftp://ftp.soilgrids.org/data/recent/AWCtS_M_sl5_1km_ll.tif,soil/1km//AWCtS_M_sl5_1km_ll.tif,,1
soil,AWCtS_M_sl6,soils,sl6,6,Saturated water content (volumetric fraction) for tS,metadata.html,"Derived saturated water content (volumetric fraction) teta-S for depth 100 cm; source: ISRIC - World Soil Information, publication url: http://dx.doi.org/10.1371/journal.pone.0169748, contact: tom.hengl@isric.org",raster,ftp://ftp.soilgrids.org/data/recent/AWCtS_M_sl6_1km_ll.tif,soil/1km//AWCtS_M_sl6_1km_ll.tif,,1
soil,AWCtS_M_sl7,soils,sl7,7,Saturated water content (volumetric fraction) for tS,metadata.html,"Derived saturated water content (volumetric fraction) teta-S for depth 200 cm; source: ISRIC - World Soil Information, publication url: http://dx.doi.org/10.1371/journal.pone.0169748, contact: tom.hengl@isric.org",raster,ftp://ftp.soilgrids.org/data/recent/AWCtS_M_sl7_1km_ll.tif,soil/1km//AWCtS_M_sl7_1km_ll.tif,,1
soil,BDRICM_M,soils,M,1,Depth to bedrock (R horizon) up to 200 cm,metadata.html,"Depth to bedrock (R horizon) up to 200 cm; source: ISRIC - World Soil Information, publication url: http://dx.doi.org/10.1371/journal.pone.0169748, contact: tom.hengl@isric.org",raster,ftp://ftp.soilgrids.org/data/recent/BDRICM_M_1km_ll.tif,soil/1km//BDRICM_M_1km_ll.tif,,1
soil,BDRLOG_M,soils,M,1,Probability of occurrence of R horizon,metadata.html,"Probability of occurence (0-100%) of R horizon; source: ISRIC - World Soil Information, publication url: http://dx.doi.org/10.1371/journal.pone.0169748, contact: tom.hengl@isric.org",raster,ftp://ftp.soilgrids.org/data/recent/BDRLOG_M_1km_ll.tif,soil/1km//BDRLOG_M_1km_ll.tif,,1
soil,BDTICM_M,soils,M,1,Absolute depth to bedrock (in cm),metadata.html,"Absolute depth to bedrock (in cm); source: ISRIC - World Soil Information, publication url: http://dx.doi.org/10.1371/journal.pone.0169748, contact: tom.hengl@isric.org",raster,ftp://ftp.soilgrids.org/data/recent/BDTICM_M_1km_ll.tif,soil/1km//BDTICM_M_1km_ll.tif,,1
soil,BLDFIE_M_sl1,soils,sl1,1,Bulk density (fine earth) in kg / cubic-meter,metadata.html,"Bulk density (fine earth) in kg / cubic-meter at depth 0.00 m; source: ISRIC - World Soil Information, publication url: http://dx.doi.org/10.1371/journal.pone.0169748, contact: tom.hengl@isric.org",raster,ftp://ftp.soilgrids.org/data/recent/BLDFIE_M_sl1_1km_ll.tif,soil/1km//BLDFIE_M_sl1_1km_ll.tif,,1
soil,BLDFIE_M_sl2,soils,sl2,2,Bulk density (fine earth) in kg / cubic-meter,metadata.html,"Bulk density (fine earth) in kg / cubic-meter at depth 0.05 m; source: ISRIC - World Soil Information, publication url: http://dx.doi.org/10.1371/journal.pone.0169748, contact: tom.hengl@isric.org",raster,ftp://ftp.soilgrids.org/data/recent/BLDFIE_M_sl2_1km_ll.tif,soil/1km//BLDFIE_M_sl2_1km_ll.tif,,1
soil,BLDFIE_M_sl3,soils,sl3,3,Bulk density (fine earth) in kg / cubic-meter,metadata.html,"Bulk density (fine earth) in kg / cubic-meter at depth 0.15 m; source: ISRIC - World Soil Information, publication url: http://dx.doi.org/10.1371/journal.pone.0169748, contact: tom.hengl@isric.org",raster,ftp://ftp.soilgrids.org/data/recent/BLDFIE_M_sl3_1km_ll.tif,soil/1km//BLDFIE_M_sl3_1km_ll.tif,,1
soil,BLDFIE_M_sl4,soils,sl4,4,Bulk density (fine earth) in kg / cubic-meter,metadata.html,"Bulk density (fine earth) in kg / cubic-meter at depth 0.30 m; source: ISRIC - World Soil Information, publication url: http://dx.doi.org/10.1371/journal.pone.0169748, contact: tom.hengl@isric.org",raster,ftp://ftp.soilgrids.org/data/recent/BLDFIE_M_sl4_1km_ll.tif,soil/1km//BLDFIE_M_sl4_1km_ll.tif,,1
soil,BLDFIE_M_sl5,soils,sl5,5,Bulk density (fine earth) in kg / cubic-meter,metadata.html,"Bulk density (fine earth) in kg / cubic-meter at depth 0.60 m; source: ISRIC - World Soil Information, publication url: http://dx.doi.org/10.1371/journal.pone.0169748, contact: tom.hengl@isric.org",raster,ftp://ftp.soilgrids.org/data/recent/BLDFIE_M_sl5_1km_ll.tif,soil/1km//BLDFIE_M_sl5_1km_ll.tif,,1
soil,BLDFIE_M_sl6,soils,sl6,6,Bulk density (fine earth) in kg / cubic-meter,metadata.html,"Bulk density (fine earth) in kg / cubic-meter at depth 1.00 m; source: ISRIC - World Soil Information, publication url: http://dx.doi.org/10.1371/journal.pone.0169748, contact: tom.hengl@isric.org",raster,ftp://ftp.soilgrids.org/data/recent/BLDFIE_M_sl6_1km_ll.tif,soil/1km//BLDFIE_M_sl6_1km_ll.tif,,1
soil,BLDFIE_M_sl7,soils,sl7,7,Bulk density (fine earth) in kg / cubic-meter,metadata.html,"Bulk density (fine earth) in kg / cubic-meter at depth 2.00 m; source: ISRIC - World Soil Information, publication url: http://dx.doi.org/10.1371/journal.pone.0169748, contact: tom.hengl@isric.org",raster,ftp://ftp.soilgrids.org/data/recent/BLDFIE_M_sl7_1km_ll.tif,soil/1km//BLDFIE_M_sl7_1km_ll.tif,,1
soil,CECSOL_M_sl1,soils,sl1,1,Cation exchange capacity of soil in cmolc/kg,metadata.html,"Cation exchange capacity of soil in cmolc/kg at depth 0.00 m; source: ISRIC - World Soil Information, publication url: http://dx.doi.org/10.1371/journal.pone.0169748, contact: tom.hengl@isric.org",raster,ftp://ftp.soilgrids.org/data/recent/CECSOL_M_sl1_1km_ll.tif,soil/1km//CECSOL_M_sl1_1km_ll.tif,,1
soil,CECSOL_M_sl2,soils,sl2,2,Cation exchange capacity of soil in cmolc/kg,metadata.html,"Cation exchange capacity of soil in cmolc/kg at depth 0.05 m; source: ISRIC - World Soil Information, publication url: http://dx.doi.org/10.1371/journal.pone.0169748, contact: tom.hengl@isric.org",raster,ftp://ftp.soilgrids.org/data/recent/CECSOL_M_sl2_1km_ll.tif,soil/1km//CECSOL_M_sl2_1km_ll.tif,,1
soil,CECSOL_M_sl3,soils,sl3,3,Cation exchange capacity of soil in cmolc/kg,metadata.html,"Cation exchange capacity of soil in cmolc/kg at depth 0.15 m; source: ISRIC - World Soil Information, publication url: http://dx.doi.org/10.1371/journal.pone.0169748, contact: tom.hengl@isric.org",raster,ftp://ftp.soilgrids.org/data/recent/CECSOL_M_sl3_1km_ll.tif,soil/1km//CECSOL_M_sl3_1km_ll.tif,,1
soil,CECSOL_M_sl4,soils,sl4,4,Cation exchange capacity of soil in cmolc/kg,metadata.html,"Cation exchange capacity of soil in cmolc/kg at depth 0.30 m; source: ISRIC - World Soil Information, publication url: http://dx.doi.org/10.1371/journal.pone.0169748, contact: tom.hengl@isric.org",raster,ftp://ftp.soilgrids.org/data/recent/CECSOL_M_sl4_1km_ll.tif,soil/1km//CECSOL_M_sl4_1km_ll.tif,,1
soil,CECSOL_M_sl5,soils,sl5,5,Cation exchange capacity of soil in cmolc/kg,metadata.html,"Cation exchange capacity of soil in cmolc/kg at depth 0.60 m; source: ISRIC - World Soil Information, publication url: http://dx.doi.org/10.1371/journal.pone.0169748, contact: tom.hengl@isric.org",raster,ftp://ftp.soilgrids.org/data/recent/CECSOL_M_sl5_1km_ll.tif,soil/1km//CECSOL_M_sl5_1km_ll.tif,,1
soil,CECSOL_M_sl6,soils,sl6,6,Cation exchange capacity of soil in cmolc/kg,metadata.html,"Cation exchange capacity of soil in cmolc/kg at depth 1.00 m; source: ISRIC - World Soil Information, publication url: http://dx.doi.org/10.1371/journal.pone.0169748, contact: tom.hengl@isric.org",raster,ftp://ftp.soilgrids.org/data/recent/CECSOL_M_sl6_1km_ll.tif,soil/1km//CECSOL_M_sl6_1km_ll.tif,,1
soil,CECSOL_M_sl7,soils,sl7,7,Cation exchange capacity of soil in cmolc/kg,metadata.html,"Cation exchange capacity of soil in cmolc/kg at depth 2.00 m; source: ISRIC - World Soil Information, publication url: http://dx.doi.org/10.1371/journal.pone.0169748, contact: tom.hengl@isric.org",raster,ftp://ftp.soilgrids.org/data/recent/CECSOL_M_sl7_1km_ll.tif,soil/1km//CECSOL_M_sl7_1km_ll.tif,,1
soil,CLYPPT_M_sl1,soils,sl1,1,Clay content (0-2 micro meter) mass fraction in %,metadata.html,"Clay content (0-2 micro meter) mass fraction in % at depth 0.00 m; source: ISRIC - World Soil Information, publication url: http://dx.doi.org/10.1371/journal.pone.0169748, contact: tom.hengl@isric.org",raster,ftp://ftp.soilgrids.org/data/recent/CLYPPT_M_sl1_1km_ll.tif,soil/1km//CLYPPT_M_sl1_1km_ll.tif,,1
soil,CLYPPT_M_sl2,soils,sl2,2,Clay content (0-2 micro meter) mass fraction in %,metadata.html,"Clay content (0-2 micro meter) mass fraction in % at depth 0.05 m; source: ISRIC - World Soil Information, publication url: http://dx.doi.org/10.1371/journal.pone.0169748, contact: tom.hengl@isric.org",raster,ftp://ftp.soilgrids.org/data/recent/CLYPPT_M_sl2_1km_ll.tif,soil/1km//CLYPPT_M_sl2_1km_ll.tif,,1
soil,CLYPPT_M_sl3,soils,sl3,3,Clay content (0-2 micro meter) mass fraction in %,metadata.html,"Clay content (0-2 micro meter) mass fraction in % at depth 0.15 m; source: ISRIC - World Soil Information, publication url: http://dx.doi.org/10.1371/journal.pone.0169748, contact: tom.hengl@isric.org",raster,ftp://ftp.soilgrids.org/data/recent/CLYPPT_M_sl3_1km_ll.tif,soil/1km//CLYPPT_M_sl3_1km_ll.tif,,1
soil,CLYPPT_M_sl4,soils,sl4,4,Clay content (0-2 micro meter) mass fraction in %,metadata.html,"Clay content (0-2 micro meter) mass fraction in % at depth 0.30 m; source: ISRIC - World Soil Information, publication url: http://dx.doi.org/10.1371/journal.pone.0169748, contact: tom.hengl@isric.org",raster,ftp://ftp.soilgrids.org/data/recent/CLYPPT_M_sl4_1km_ll.tif,soil/1km//CLYPPT_M_sl4_1km_ll.tif,,1
soil,CLYPPT_M_sl5,soils,sl5,5,Clay content (0-2 micro meter) mass fraction in %,metadata.html,"Clay content (0-2 micro meter) mass fraction in % at depth 0.60 m; source: ISRIC - World Soil Information, publication url: http://dx.doi.org/10.1371/journal.pone.0169748, contact: tom.hengl@isric.org",raster,ftp://ftp.soilgrids.org/data/recent/CLYPPT_M_sl5_1km_ll.tif,soil/1km//CLYPPT_M_sl5_1km_ll.tif,,1
soil,CLYPPT_M_sl6,soils,sl6,6,Clay content (0-2 micro meter) mass fraction in %,metadata.html,"Clay content (0-2 micro meter) mass fraction in % at depth 1.00 m; source: ISRIC - World Soil Information, publication url: http://dx.doi.org/10.1371/journal.pone.0169748, contact: tom.hengl@isric.org",raster,ftp://ftp.soilgrids.org/data/recent/CLYPPT_M_sl6_1km_ll.tif,soil/1km//CLYPPT_M_sl6_1km_ll.tif,,1
soil,CLYPPT_M_sl7,soils,sl7,7,Clay content (0-2 micro meter) mass fraction in %,metadata.html,"Clay content (0-2 micro meter) mass fraction in % at depth 2.00 m; source: ISRIC - World Soil Information, publication url: http://dx.doi.org/10.1371/journal.pone.0169748, contact: tom.hengl@isric.org",raster,ftp://ftp.soilgrids.org/data/recent/CLYPPT_M_sl7_1km_ll.tif,soil/1km//CLYPPT_M_sl7_1km_ll.tif,,1
soil,CRFVOL_M_sl1,soils,sl1,1,Coarse fragments volumetric in %,metadata.html,"Coarse fragments volumetric in % at depth 0.00 m; source: ISRIC - World Soil Information, publication url: http://dx.doi.org/10.1371/journal.pone.0169748, contact: tom.hengl@isric.org",raster,ftp://ftp.soilgrids.org/data/recent/CRFVOL_M_sl1_1km_ll.tif,soil/1km//CRFVOL_M_sl1_1km_ll.tif,,1
soil,CRFVOL_M_sl2,soils,sl2,2,Coarse fragments volumetric in %,metadata.html,"Coarse fragments volumetric in % at depth 0.05 m; source: ISRIC - World Soil Information, publication url: http://dx.doi.org/10.1371/journal.pone.0169748, contact: tom.hengl@isric.org",raster,ftp://ftp.soilgrids.org/data/recent/CRFVOL_M_sl2_1km_ll.tif,soil/1km//CRFVOL_M_sl2_1km_ll.tif,,1
soil,CRFVOL_M_sl3,soils,sl3,3,Coarse fragments volumetric in %,metadata.html,"Coarse fragments volumetric in % at depth 0.15 m; source: ISRIC - World Soil Information, publication url: http://dx.doi.org/10.1371/journal.pone.0169748, contact: tom.hengl@isric.org",raster,ftp://ftp.soilgrids.org/data/recent/CRFVOL_M_sl3_1km_ll.tif,soil/1km//CRFVOL_M_sl3_1km_ll.tif,,1
soil,CRFVOL_M_sl4,soils,sl4,4,Coarse fragments volumetric in %,metadata.html,"Coarse fragments volumetric in % at depth 0.30 m; source: ISRIC - World Soil Information, publication url: http://dx.doi.org/10.1371/journal.pone.0169748, contact: tom.hengl@isric.org",raster,ftp://ftp.soilgrids.org/data/recent/CRFVOL_M_sl4_1km_ll.tif,soil/1km//CRFVOL_M_sl4_1km_ll.tif,,1
soil,CRFVOL_M_sl5,soils,sl5,5,Coarse fragments volumetric in %,metadata.html,"Coarse fragments volumetric in % at depth 0.60 m; source: ISRIC - World Soil Information, publication url: http://dx.doi.org/10.1371/journal.pone.0169748, contact: tom.hengl@isric.org",raster,ftp://ftp.soilgrids.org/data/recent/CRFVOL_M_sl5_1km_ll.tif,soil/1km//CRFVOL_M_sl5_1km_ll.tif,,1
soil,CRFVOL_M_sl6,soils,sl6,6,Coarse fragments volumetric in %,metadata.html,"Coarse fragments volumetric in % at depth 1.00 m; source: ISRIC - World Soil Information, publication url: http://dx.doi.org/10.1371/journal.pone.0169748, contact: tom.hengl@isric.org",raster,ftp://ftp.soilgrids.org/data/recent/CRFVOL_M_sl6_1km_ll.tif,soil/1km//CRFVOL_M_sl6_1km_ll.tif,,1
soil,CRFVOL_M_sl7,soils,sl7,7,Coarse fragments volumetric in %,metadata.html,"Coarse fragments volumetric in % at depth 2.00 m; source: ISRIC - World Soil Information, publication url: http://dx.doi.org/10.1371/journal.pone.0169748, contact: tom.hengl@isric.org",raster,ftp://ftp.soilgrids.org/data/recent/CRFVOL_M_sl7_1km_ll.tif,soil/1km//CRFVOL_M_sl7_1km_ll.tif,,1
soil,HISTPR,soils,HISTPR,1,Histosols probability cumulative,metadata.html,"Cummulative probability of organic soil based on the TAXOUSDA and TAXNWRB; source: ISRIC - World Soil Information, publication url: http://dx.doi.org/10.1371/journal.pone.0169748, contact: tom.hengl@isric.org",raster,ftp://ftp.soilgrids.org/data/recent/HISTPR_1km_ll.tif,soil/1km//HISTPR_1km_ll.tif,,1
soil,OCDENS_M_sl1,soils,sl1,1,Soil organic carbon density in kg per cubic-m,metadata.html,"Soil organic carbon density in kg per cubic-m at depth 0.00 m; source: ISRIC - World Soil Information, publication url: http://dx.doi.org/10.1371/journal.pone.0169748, contact: tom.hengl@isric.org",raster,ftp://ftp.soilgrids.org/data/recent/OCDENS_M_sl1_1km_ll.tif,soil/1km//OCDENS_M_sl1_1km_ll.tif,,1
soil,OCDENS_M_sl2,soils,sl2,2,Soil organic carbon density in kg per cubic-m,metadata.html,"Soil organic carbon density in kg per cubic-m at depth 0.05 m; source: ISRIC - World Soil Information, publication url: http://dx.doi.org/10.1371/journal.pone.0169748, contact: tom.hengl@isric.org",raster,ftp://ftp.soilgrids.org/data/recent/OCDENS_M_sl2_1km_ll.tif,soil/1km//OCDENS_M_sl2_1km_ll.tif,,1
soil,OCDENS_M_sl3,soils,sl3,3,Soil organic carbon density in kg per cubic-m,metadata.html,"Soil organic carbon density in kg per cubic-m at depth 0.15 m; source: ISRIC - World Soil Information, publication url: http://dx.doi.org/10.1371/journal.pone.0169748, contact: tom.hengl@isric.org",raster,ftp://ftp.soilgrids.org/data/recent/OCDENS_M_sl3_1km_ll.tif,soil/1km//OCDENS_M_sl3_1km_ll.tif,,1
soil,OCDENS_M_sl4,soils,sl4,4,Soil organic carbon density in kg per cubic-m,metadata.html,"Soil organic carbon density in kg per cubic-m at depth 0.30 m; source: ISRIC - World Soil Information, publication url: http://dx.doi.org/10.1371/journal.pone.0169748, contact: tom.hengl@isric.org",raster,ftp://ftp.soilgrids.org/data/recent/OCDENS_M_sl4_1km_ll.tif,soil/1km//OCDENS_M_sl4_1km_ll.tif,,1
soil,OCDENS_M_sl5,soils,sl5,5,Soil organic carbon density in kg per cubic-m,metadata.html,"Soil organic carbon density in kg per cubic-m at depth 0.60 m; source: ISRIC - World Soil Information, publication url: http://dx.doi.org/10.1371/journal.pone.0169748, contact: tom.hengl@isric.org",raster,ftp://ftp.soilgrids.org/data/recent/OCDENS_M_sl5_1km_ll.tif,soil/1km//OCDENS_M_sl5_1km_ll.tif,,1
soil,OCDENS_M_sl6,soils,sl6,6,Soil organic carbon density in kg per cubic-m,metadata.html,"Soil organic carbon density in kg per cubic-m at depth 1.00 m; source: ISRIC - World Soil Information, publication url: http://dx.doi.org/10.1371/journal.pone.0169748, contact: tom.hengl@isric.org",raster,ftp://ftp.soilgrids.org/data/recent/OCDENS_M_sl6_1km_ll.tif,soil/1km//OCDENS_M_sl6_1km_ll.tif,,1
soil,OCDENS_M_sl7,soils,sl7,7,Soil organic carbon density in kg per cubic-m,metadata.html,"Soil organic carbon density in kg per cubic-m at depth 2.00 m; source: ISRIC - World Soil Information, publication url: http://dx.doi.org/10.1371/journal.pone.0169748, contact: tom.hengl@isric.org",raster,ftp://ftp.soilgrids.org/data/recent/OCDENS_M_sl7_1km_ll.tif,soil/1km//OCDENS_M_sl7_1km_ll.tif,,1
soil,OCSTHA_M_100cm,soils,100cm,1,Soil organic carbon stock in tons per ha,metadata.html,"Soil organic carbon stock in tons per ha for depth interval 0.00 m - 1.00 m; source: ISRIC - World Soil Information, publication url: http://dx.doi.org/10.1371/journal.pone.0169748, contact: tom.hengl@isric.org",raster,ftp://ftp.soilgrids.org/data/recent/OCSTHA_M_100cm_1km_ll.tif,soil/1km//OCSTHA_M_100cm_1km_ll.tif,,1
soil,OCSTHA_M_200cm,soils,200cm,2,Soil organic carbon stock in tons per ha,metadata.html,"Soil organic carbon stock in tons per ha for depth interval 0.00 m - 2.00 m; source: ISRIC - World Soil Information, publication url: http://dx.doi.org/10.1371/journal.pone.0169748, contact: tom.hengl@isric.org",raster,ftp://ftp.soilgrids.org/data/recent/OCSTHA_M_200cm_1km_ll.tif,soil/1km//OCSTHA_M_200cm_1km_ll.tif,,1
soil,OCSTHA_M_30cm,soils,30cm,3,Soil organic carbon stock in tons per ha,metadata.html,"Soil organic carbon stock in tons per ha for depth interval 0.00 m - 0.30 m; source: ISRIC - World Soil Information, publication url: http://dx.doi.org/10.1371/journal.pone.0169748, contact: tom.hengl@isric.org",raster,ftp://ftp.soilgrids.org/data/recent/OCSTHA_M_30cm_1km_ll.tif,soil/1km//OCSTHA_M_30cm_1km_ll.tif,,1
soil,OCSTHA_M_sd1,soils,sd1,4,Soil organic carbon stock in tons per ha,metadata.html,"Soil organic carbon stock in tons per ha for depth interval 0.00 m - 0.05 m; source: ISRIC - World Soil Information, publication url: http://dx.doi.org/10.1371/journal.pone.0169748, contact: tom.hengl@isric.org",raster,ftp://ftp.soilgrids.org/data/recent/OCSTHA_M_sd1_1km_ll.tif,soil/1km//OCSTHA_M_sd1_1km_ll.tif,,1
soil,OCSTHA_M_sd2,soils,sd2,5,Soil organic carbon stock in tons per ha,metadata.html,"Soil organic carbon stock in tons per ha for depth interval 0.05 m - 0.15 m; source: ISRIC - World Soil Information, publication url: http://dx.doi.org/10.1371/journal.pone.0169748, contact: tom.hengl@isric.org",raster,ftp://ftp.soilgrids.org/data/recent/OCSTHA_M_sd2_1km_ll.tif,soil/1km//OCSTHA_M_sd2_1km_ll.tif,,1
soil,OCSTHA_M_sd3,soils,sd3,6,Soil organic carbon stock in tons per ha,metadata.html,"Soil organic carbon stock in tons per ha for depth interval 0.15 m - 0.30 m; source: ISRIC - World Soil Information, publication url: http://dx.doi.org/10.1371/journal.pone.0169748, contact: tom.hengl@isric.org",raster,ftp://ftp.soilgrids.org/data/recent/OCSTHA_M_sd3_1km_ll.tif,soil/1km//OCSTHA_M_sd3_1km_ll.tif,,1
soil,OCSTHA_M_sd4,soils,sd4,7,Soil organic carbon stock in tons per ha,metadata.html,"Soil organic carbon stock in tons per ha for depth interval 0.30 m - 0.60 m; source: ISRIC - World Soil Information, publication url: http://dx.doi.org/10.1371/journal.pone.0169748, contact: tom.hengl@isric.org",raster,ftp://ftp.soilgrids.org/data/recent/OCSTHA_M_sd4_1km_ll.tif,soil/1km//OCSTHA_M_sd4_1km_ll.tif,,1
soil,OCSTHA_M_sd5,soils,sd5,8,Soil organic carbon stock in tons per ha,metadata.html,"Soil organic carbon stock in tons per ha for depth interval 0.60 m - 1.00 m; source: ISRIC - World Soil Information, publication url: http://dx.doi.org/10.1371/journal.pone.0169748, contact: tom.hengl@isric.org",raster,ftp://ftp.soilgrids.org/data/recent/OCSTHA_M_sd5_1km_ll.tif,soil/1km//OCSTHA_M_sd5_1km_ll.tif,,1
soil,OCSTHA_M_sd6,soils,sd6,9,Soil organic carbon stock in tons per ha,metadata.html,"Soil organic carbon stock in tons per ha for depth interval 1.00 m - 2.00 m; source: ISRIC - World Soil Information, publication url: http://dx.doi.org/10.1371/journal.pone.0169748, contact: tom.hengl@isric.org",raster,ftp://ftp.soilgrids.org/data/recent/OCSTHA_M_sd6_1km_ll.tif,soil/1km//OCSTHA_M_sd6_1km_ll.tif,,1
soil,ORCDRC_M_sl1,soils,sl1,1,Soil organic carbon content (fine earth fraction) in g per kg,metadata.html,"Soil organic carbon content (fine earth fraction) in g per kg at depth 0.00 m; source: ISRIC - World Soil Information, publication url: http://dx.doi.org/10.1371/journal.pone.0169748, contact: tom.hengl@isric.org",raster,ftp://ftp.soilgrids.org/data/recent/ORCDRC_M_sl1_1km_ll.tif,soil/1km//ORCDRC_M_sl1_1km_ll.tif,,1
soil,ORCDRC_M_sl2,soils,sl2,2,Soil organic carbon content (fine earth fraction) in g per kg,metadata.html,"Soil organic carbon content (fine earth fraction) in g per kg at depth 0.05 m; source: ISRIC - World Soil Information, publication url: http://dx.doi.org/10.1371/journal.pone.0169748, contact: tom.hengl@isric.org",raster,ftp://ftp.soilgrids.org/data/recent/ORCDRC_M_sl2_1km_ll.tif,soil/1km//ORCDRC_M_sl2_1km_ll.tif,,1
soil,ORCDRC_M_sl3,soils,sl3,3,Soil organic carbon content (fine earth fraction) in g per kg,metadata.html,"Soil organic carbon content (fine earth fraction) in g per kg at depth 0.15 m; source: ISRIC - World Soil Information, publication url: http://dx.doi.org/10.1371/journal.pone.0169748, contact: tom.hengl@isric.org",raster,ftp://ftp.soilgrids.org/data/recent/ORCDRC_M_sl3_1km_ll.tif,soil/1km//ORCDRC_M_sl3_1km_ll.tif,,1
soil,ORCDRC_M_sl4,soils,sl4,4,Soil organic carbon content (fine earth fraction) in g per kg,metadata.html,"Soil organic carbon content (fine earth fraction) in g per kg at depth 0.30 m; source: ISRIC - World Soil Information, publication url: http://dx.doi.org/10.1371/journal.pone.0169748, contact: tom.hengl@isric.org",raster,ftp://ftp.soilgrids.org/data/recent/ORCDRC_M_sl4_1km_ll.tif,soil/1km//ORCDRC_M_sl4_1km_ll.tif,,1
soil,ORCDRC_M_sl5,soils,sl5,5,Soil organic carbon content (fine earth fraction) in g per kg,metadata.html,"Soil organic carbon content (fine earth fraction) in g per kg at depth 0.60 m; source: ISRIC - World Soil Information, publication url: http://dx.doi.org/10.1371/journal.pone.0169748, contact: tom.hengl@isric.org",raster,ftp://ftp.soilgrids.org/data/recent/ORCDRC_M_sl5_1km_ll.tif,soil/1km//ORCDRC_M_sl5_1km_ll.tif,,1
soil,ORCDRC_M_sl6,soils,sl6,6,Soil organic carbon content (fine earth fraction) in g per kg,metadata.html,"Soil organic carbon content (fine earth fraction) in g per kg at depth 1.00 m; source: ISRIC - World Soil Information, publication url: http://dx.doi.org/10.1371/journal.pone.0169748, contact: tom.hengl@isric.org",raster,ftp://ftp.soilgrids.org/data/recent/ORCDRC_M_sl6_1km_ll.tif,soil/1km//ORCDRC_M_sl6_1km_ll.tif,,1
soil,ORCDRC_M_sl7,soils,sl7,7,Soil organic carbon content (fine earth fraction) in g per kg,metadata.html,"Soil organic carbon content (fine earth fraction) in g per kg at depth 2.00 m; source: ISRIC - World Soil Information, publication url: http://dx.doi.org/10.1371/journal.pone.0169748, contact: tom.hengl@isric.org",raster,ftp://ftp.soilgrids.org/data/recent/ORCDRC_M_sl7_1km_ll.tif,soil/1km//ORCDRC_M_sl7_1km_ll.tif,,1
soil,PHIHOX_M_sl1,soils,sl1,1,Soil pH x 10 in H2O ,metadata.html,"Soil pH x 10 in H2O  at depth 0.00 m; source: ISRIC - World Soil Information, publication url: http://dx.doi.org/10.1371/journal.pone.0169748, contact: tom.hengl@isric.org",raster,ftp://ftp.soilgrids.org/data/recent/PHIHOX_M_sl1_1km_ll.tif,soil/1km//PHIHOX_M_sl1_1km_ll.tif,,1
soil,PHIHOX_M_sl2,soils,sl2,2,Soil pH x 10 in H2O ,metadata.html,"Soil pH x 10 in H2O  at depth 0.05 m; source: ISRIC - World Soil Information, publication url: http://dx.doi.org/10.1371/journal.pone.0169748, contact: tom.hengl@isric.org",raster,ftp://ftp.soilgrids.org/data/recent/PHIHOX_M_sl2_1km_ll.tif,soil/1km//PHIHOX_M_sl2_1km_ll.tif,,1
soil,PHIHOX_M_sl3,soils,sl3,3,Soil pH x 10 in H2O ,metadata.html,"Soil pH x 10 in H2O  at depth 0.15 m; source: ISRIC - World Soil Information, publication url: http://dx.doi.org/10.1371/journal.pone.0169748, contact: tom.hengl@isric.org",raster,ftp://ftp.soilgrids.org/data/recent/PHIHOX_M_sl3_1km_ll.tif,soil/1km//PHIHOX_M_sl3_1km_ll.tif,,1
soil,PHIHOX_M_sl4,soils,sl4,4,Soil pH x 10 in H2O ,metadata.html,"Soil pH x 10 in H2O  at depth 0.30 m; source: ISRIC - World Soil Information, publication url: http://dx.doi.org/10.1371/journal.pone.0169748, contact: tom.hengl@isric.org",raster,ftp://ftp.soilgrids.org/data/recent/PHIHOX_M_sl4_1km_ll.tif,soil/1km//PHIHOX_M_sl4_1km_ll.tif,,1
soil,PHIHOX_M_sl5,soils,sl5,5,Soil pH x 10 in H2O ,metadata.html,"Soil pH x 10 in H2O  at depth 0.60 m; source: ISRIC - World Soil Information, publication url: http://dx.doi.org/10.1371/journal.pone.0169748, contact: tom.hengl@isric.org",raster,ftp://ftp.soilgrids.org/data/recent/PHIHOX_M_sl5_1km_ll.tif,soil/1km//PHIHOX_M_sl5_1km_ll.tif,,1
soil,PHIHOX_M_sl6,soils,sl6,6,Soil pH x 10 in H2O ,metadata.html,"Soil pH x 10 in H2O  at depth 1.00 m; source: ISRIC - World Soil Information, publication url: http://dx.doi.org/10.1371/journal.pone.0169748, contact: tom.hengl@isric.org",raster,ftp://ftp.soilgrids.org/data/recent/PHIHOX_M_sl6_1km_ll.tif,soil/1km//PHIHOX_M_sl6_1km_ll.tif,,1
soil,PHIHOX_M_sl7,soils,sl7,7,Soil pH x 10 in H2O ,metadata.html,"Soil pH x 10 in H2O  at depth 2.00 m; source: ISRIC - World Soil Information, publication url: http://dx.doi.org/10.1371/journal.pone.0169748, contact: tom.hengl@isric.org",raster,ftp://ftp.soilgrids.org/data/recent/PHIHOX_M_sl7_1km_ll.tif,soil/1km//PHIHOX_M_sl7_1km_ll.tif,,1
soil,PHIKCL_M_sl1,soils,sl1,1,Soil pH x 10 in KCl,metadata.html,"Soil pH x 10 in KCl at depth 0.00 m; source: ISRIC - World Soil Information, publication url: http://dx.doi.org/10.1371/journal.pone.0169748, contact: tom.hengl@isric.org",raster,ftp://ftp.soilgrids.org/data/recent/PHIKCL_M_sl1_1km_ll.tif,soil/1km//PHIKCL_M_sl1_1km_ll.tif,,1
soil,PHIKCL_M_sl2,soils,sl2,2,Soil pH x 10 in KCl,metadata.html,"Soil pH x 10 in KCl at depth 0.05 m; source: ISRIC - World Soil Information, publication url: http://dx.doi.org/10.1371/journal.pone.0169748, contact: tom.hengl@isric.org",raster,ftp://ftp.soilgrids.org/data/recent/PHIKCL_M_sl2_1km_ll.tif,soil/1km//PHIKCL_M_sl2_1km_ll.tif,,1
soil,PHIKCL_M_sl3,soils,sl3,3,Soil pH x 10 in KCl,metadata.html,"Soil pH x 10 in KCl at depth 0.15 m; source: ISRIC - World Soil Information, publication url: http://dx.doi.org/10.1371/journal.pone.0169748, contact: tom.hengl@isric.org",raster,ftp://ftp.soilgrids.org/data/recent/PHIKCL_M_sl3_1km_ll.tif,soil/1km//PHIKCL_M_sl3_1km_ll.tif,,1
soil,PHIKCL_M_sl4,soils,sl4,4,Soil pH x 10 in KCl,metadata.html,"Soil pH x 10 in KCl at depth 0.30 m; source: ISRIC - World Soil Information, publication url: http://dx.doi.org/10.1371/journal.pone.0169748, contact: tom.hengl@isric.org",raster,ftp://ftp.soilgrids.org/data/recent/PHIKCL_M_sl4_1km_ll.tif,soil/1km//PHIKCL_M_sl4_1km_ll.tif,,1
soil,PHIKCL_M_sl5,soils,sl5,5,Soil pH x 10 in KCl,metadata.html,"Soil pH x 10 in KCl at depth 0.60 m; source: ISRIC - World Soil Information, publication url: http://dx.doi.org/10.1371/journal.pone.0169748, contact: tom.hengl@isric.org",raster,ftp://ftp.soilgrids.org/data/recent/PHIKCL_M_sl5_1km_ll.tif,soil/1km//PHIKCL_M_sl5_1km_ll.tif,,1
soil,PHIKCL_M_sl6,soils,sl6,6,Soil pH x 10 in KCl,metadata.html,"Soil pH x 10 in KCl at depth 1.00 m; source: ISRIC - World Soil Information, publication url: http://dx.doi.org/10.1371/journal.pone.0169748, contact: tom.hengl@isric.org",raster,ftp://ftp.soilgrids.org/data/recent/PHIKCL_M_sl6_1km_ll.tif,soil/1km//PHIKCL_M_sl6_1km_ll.tif,,1
soil,PHIKCL_M_sl7,soils,sl7,7,Soil pH x 10 in KCl,metadata.html,"Soil pH x 10 in KCl at depth 2.00 m; source: ISRIC - World Soil Information, publication url: http://dx.doi.org/10.1371/journal.pone.0169748, contact: tom.hengl@isric.org",raster,ftp://ftp.soilgrids.org/data/recent/PHIKCL_M_sl7_1km_ll.tif,soil/1km//PHIKCL_M_sl7_1km_ll.tif,,1
soil,SLTPPT_M_sl1,soils,sl1,1,Silt content (2-50 micro meter) mass fraction in %,metadata.html,"Silt content (2-50 micro meter) mass fraction in % at depth 0.00 m; source: ISRIC - World Soil Information, publication url: http://dx.doi.org/10.1371/journal.pone.0169748, contact: tom.hengl@isric.org",raster,ftp://ftp.soilgrids.org/data/recent/SLTPPT_M_sl1_1km_ll.tif,soil/1km//SLTPPT_M_sl1_1km_ll.tif,,1
soil,SLTPPT_M_sl2,soils,sl2,2,Silt content (2-50 micro meter) mass fraction in %,metadata.html,"Silt content (2-50 micro meter) mass fraction in % at depth 0.05 m; source: ISRIC - World Soil Information, publication url: http://dx.doi.org/10.1371/journal.pone.0169748, contact: tom.hengl@isric.org",raster,ftp://ftp.soilgrids.org/data/recent/SLTPPT_M_sl2_1km_ll.tif,soil/1km//SLTPPT_M_sl2_1km_ll.tif,,1
soil,SLTPPT_M_sl3,soils,sl3,3,Silt content (2-50 micro meter) mass fraction in %,metadata.html,"Silt content (2-50 micro meter) mass fraction in % at depth 0.15 m; source: ISRIC - World Soil Information, publication url: http://dx.doi.org/10.1371/journal.pone.0169748, contact: tom.hengl@isric.org",raster,ftp://ftp.soilgrids.org/data/recent/SLTPPT_M_sl3_1km_ll.tif,soil/1km//SLTPPT_M_sl3_1km_ll.tif,,1
soil,SLTPPT_M_sl4,soils,sl4,4,Silt content (2-50 micro meter) mass fraction in %,metadata.html,"Silt content (2-50 micro meter) mass fraction in % at depth 0.30 m; source: ISRIC - World Soil Information, publication url: http://dx.doi.org/10.1371/journal.pone.0169748, contact: tom.hengl@isric.org",raster,ftp://ftp.soilgrids.org/data/recent/SLTPPT_M_sl4_1km_ll.tif,soil/1km//SLTPPT_M_sl4_1km_ll.tif,,1
soil,SLTPPT_M_sl5,soils,sl5,5,Silt content (2-50 micro meter) mass fraction in %,metadata.html,"Silt content (2-50 micro meter) mass fraction in % at depth 0.60 m; source: ISRIC - World Soil Information, publication url: http://dx.doi.org/10.1371/journal.pone.0169748, contact: tom.hengl@isric.org",raster,ftp://ftp.soilgrids.org/data/recent/SLTPPT_M_sl5_1km_ll.tif,soil/1km//SLTPPT_M_sl5_1km_ll.tif,,1
soil,SLTPPT_M_sl6,soils,sl6,6,Silt content (2-50 micro meter) mass fraction in %,metadata.html,"Silt content (2-50 micro meter) mass fraction in % at depth 1.00 m; source: ISRIC - World Soil Information, publication url: http://dx.doi.org/10.1371/journal.pone.0169748, contact: tom.hengl@isric.org",raster,ftp://ftp.soilgrids.org/data/recent/SLTPPT_M_sl6_1km_ll.tif,soil/1km//SLTPPT_M_sl6_1km_ll.tif,,1
soil,SLTPPT_M_sl7,soils,sl7,7,Silt content (2-50 micro meter) mass fraction in %,metadata.html,"Silt content (2-50 micro meter) mass fraction in % at depth 2.00 m; source: ISRIC - World Soil Information, publication url: http://dx.doi.org/10.1371/journal.pone.0169748, contact: tom.hengl@isric.org",raster,ftp://ftp.soilgrids.org/data/recent/SLTPPT_M_sl7_1km_ll.tif,soil/1km//SLTPPT_M_sl7_1km_ll.tif,,1
soil,SNDPPT_M_sl1,soils,sl1,1,Sand content (50-2000 micro meter) mass fraction in %,metadata.html,"Sand content (50-2000 micro meter) mass fraction in % at depth 0.00 m; source: ISRIC - World Soil Information, publication url: http://dx.doi.org/10.1371/journal.pone.0169748, contact: tom.hengl@isric.org",raster,ftp://ftp.soilgrids.org/data/recent/SNDPPT_M_sl1_1km_ll.tif,soil/1km//SNDPPT_M_sl1_1km_ll.tif,,1
soil,SNDPPT_M_sl2,soils,sl2,2,Sand content (50-2000 micro meter) mass fraction in %,metadata.html,"Sand content (50-2000 micro meter) mass fraction in % at depth 0.05 m; source: ISRIC - World Soil Information, publication url: http://dx.doi.org/10.1371/journal.pone.0169748, contact: tom.hengl@isric.org",raster,ftp://ftp.soilgrids.org/data/recent/SNDPPT_M_sl2_1km_ll.tif,soil/1km//SNDPPT_M_sl2_1km_ll.tif,,1
soil,SNDPPT_M_sl3,soils,sl3,3,Sand content (50-2000 micro meter) mass fraction in %,metadata.html,"Sand content (50-2000 micro meter) mass fraction in % at depth 0.15 m; source: ISRIC - World Soil Information, publication url: http://dx.doi.org/10.1371/journal.pone.0169748, contact: tom.hengl@isric.org",raster,ftp://ftp.soilgrids.org/data/recent/SNDPPT_M_sl3_1km_ll.tif,soil/1km//SNDPPT_M_sl3_1km_ll.tif,,1
soil,SNDPPT_M_sl4,soils,sl4,4,Sand content (50-2000 micro meter) mass fraction in %,metadata.html,"Sand content (50-2000 micro meter) mass fraction in % at depth 0.30 m; source: ISRIC - World Soil Information, publication url: http://dx.doi.org/10.1371/journal.pone.0169748, contact: tom.hengl@isric.org",raster,ftp://ftp.soilgrids.org/data/recent/SNDPPT_M_sl4_1km_ll.tif,soil/1km//SNDPPT_M_sl4_1km_ll.tif,,1
soil,SNDPPT_M_sl5,soils,sl5,5,Sand content (50-2000 micro meter) mass fraction in %,metadata.html,"Sand content (50-2000 micro meter) mass fraction in % at depth 0.60 m; source: ISRIC - World Soil Information, publication url: http://dx.doi.org/10.1371/journal.pone.0169748, contact: tom.hengl@isric.org",raster,ftp://ftp.soilgrids.org/data/recent/SNDPPT_M_sl5_1km_ll.tif,soil/1km//SNDPPT_M_sl5_1km_ll.tif,,1
soil,SNDPPT_M_sl6,soils,sl6,6,Sand content (50-2000 micro meter) mass fraction in %,metadata.html,"Sand content (50-2000 micro meter) mass fraction in % at depth 1.00 m; source: ISRIC - World Soil Information, publication url: http://dx.doi.org/10.1371/journal.pone.0169748, contact: tom.hengl@isric.org",raster,ftp://ftp.soilgrids.org/data/recent/SNDPPT_M_sl6_1km_ll.tif,soil/1km//SNDPPT_M_sl6_1km_ll.tif,,1
soil,SNDPPT_M_sl7,soils,sl7,7,Sand content (50-2000 micro meter) mass fraction in %,metadata.html,"Sand content (50-2000 micro meter) mass fraction in % at depth 2.00 m; source: ISRIC - World Soil Information, publication url: http://dx.doi.org/10.1371/journal.pone.0169748, contact: tom.hengl@isric.org",raster,ftp://ftp.soilgrids.org/data/recent/SNDPPT_M_sl7_1km_ll.tif,soil/1km//SNDPPT_M_sl7_1km_ll.tif,,1
soil,TAXOUSDA,soils,TAXOUSDA,1,USDA 2014 class,metadata.html,"Predicted USDA 2014 suborder classes (as integers); source: ISRIC - World Soil Information, publication url: http://dx.doi.org/10.1371/journal.pone.0169748, contact: tom.hengl@isric.org",raster,ftp://ftp.soilgrids.org/data/recent/TAXOUSDA_1km_ll.tif,soil/1km//TAXOUSDA_1km_ll.tif,,1
soil,TAXOUSDA_Albolls,soils,Albolls,2,USDA 2014 class,metadata.html,"Predicted probability in percent for: Albolls; source: ISRIC - World Soil Information, publication url: http://dx.doi.org/10.1371/journal.pone.0169748, contact: tom.hengl@isric.org",raster,ftp://ftp.soilgrids.org/data/recent/TAXOUSDA_Albolls_1km_ll.tif,soil/1km//TAXOUSDA_Albolls_1km_ll.tif,,1
soil,TAXOUSDA_Aqualfs,soils,Aqualfs,3,USDA 2014 class,metadata.html,"Predicted probability in percent for: Aqualfs; source: ISRIC - World Soil Information, publication url: http://dx.doi.org/10.1371/journal.pone.0169748, contact: tom.hengl@isric.org",raster,ftp://ftp.soilgrids.org/data/recent/TAXOUSDA_Aqualfs_1km_ll.tif,soil/1km//TAXOUSDA_Aqualfs_1km_ll.tif,,1
soil,TAXOUSDA_Aquands,soils,Aquands,4,USDA 2014 class,metadata.html,"Predicted probability in percent for: Aquands; source: ISRIC - World Soil Information, publication url: http://dx.doi.org/10.1371/journal.pone.0169748, contact: tom.hengl@isric.org",raster,ftp://ftp.soilgrids.org/data/recent/TAXOUSDA_Aquands_1km_ll.tif,soil/1km//TAXOUSDA_Aquands_1km_ll.tif,,1
soil,TAXOUSDA_Aquents,soils,Aquents,5,USDA 2014 class,metadata.html,"Predicted probability in percent for: Aquents; source: ISRIC - World Soil Information, publication url: http://dx.doi.org/10.1371/journal.pone.0169748, contact: tom.hengl@isric.org",raster,ftp://ftp.soilgrids.org/data/recent/TAXOUSDA_Aquents_1km_ll.tif,soil/1km//TAXOUSDA_Aquents_1km_ll.tif,,1
soil,TAXOUSDA_Aquepts,soils,Aquepts,6,USDA 2014 class,metadata.html,"Predicted probability in percent for: Aquepts; source: ISRIC - World Soil Information, publication url: http://dx.doi.org/10.1371/journal.pone.0169748, contact: tom.hengl@isric.org",raster,ftp://ftp.soilgrids.org/data/recent/TAXOUSDA_Aquepts_1km_ll.tif,soil/1km//TAXOUSDA_Aquepts_1km_ll.tif,,1
soil,TAXOUSDA_Aquerts,soils,Aquerts,7,USDA 2014 class,metadata.html,"Predicted probability in percent for: Aquerts; source: ISRIC - World Soil Information, publication url: http://dx.doi.org/10.1371/journal.pone.0169748, contact: tom.hengl@isric.org",raster,ftp://ftp.soilgrids.org/data/recent/TAXOUSDA_Aquerts_1km_ll.tif,soil/1km//TAXOUSDA_Aquerts_1km_ll.tif,,1
soil,TAXOUSDA_Aquods,soils,Aquods,8,USDA 2014 class,metadata.html,"Predicted probability in percent for: Aquods; source: ISRIC - World Soil Information, publication url: http://dx.doi.org/10.1371/journal.pone.0169748, contact: tom.hengl@isric.org",raster,ftp://ftp.soilgrids.org/data/recent/TAXOUSDA_Aquods_1km_ll.tif,soil/1km//TAXOUSDA_Aquods_1km_ll.tif,,1
soil,TAXOUSDA_Aquolls,soils,Aquolls,9,USDA 2014 class,metadata.html,"Predicted probability in percent for: Aquolls; source: ISRIC - World Soil Information, publication url: http://dx.doi.org/10.1371/journal.pone.0169748, contact: tom.hengl@isric.org",raster,ftp://ftp.soilgrids.org/data/recent/TAXOUSDA_Aquolls_1km_ll.tif,soil/1km//TAXOUSDA_Aquolls_1km_ll.tif,,1
soil,TAXOUSDA_Aquox,soils,Aquox,10,USDA 2014 class,metadata.html,"Predicted probability in percent for: Aquox; source: ISRIC - World Soil Information, publication url: http://dx.doi.org/10.1371/journal.pone.0169748, contact: tom.hengl@isric.org",raster,ftp://ftp.soilgrids.org/data/recent/TAXOUSDA_Aquox_1km_ll.tif,soil/1km//TAXOUSDA_Aquox_1km_ll.tif,,1
soil,TAXOUSDA_Aquults,soils,Aquults,11,USDA 2014 class,metadata.html,"Predicted probability in percent for: Aquults; source: ISRIC - World Soil Information, publication url: http://dx.doi.org/10.1371/journal.pone.0169748, contact: tom.hengl@isric.org",raster,ftp://ftp.soilgrids.org/data/recent/TAXOUSDA_Aquults_1km_ll.tif,soil/1km//TAXOUSDA_Aquults_1km_ll.tif,,1
soil,TAXOUSDA_Arents,soils,Arents,12,USDA 2014 class,metadata.html,"Predicted probability in percent for: Arents; source: ISRIC - World Soil Information, publication url: http://dx.doi.org/10.1371/journal.pone.0169748, contact: tom.hengl@isric.org",raster,ftp://ftp.soilgrids.org/data/recent/TAXOUSDA_Arents_1km_ll.tif,soil/1km//TAXOUSDA_Arents_1km_ll.tif,,1
soil,TAXOUSDA_Argids,soils,Argids,13,USDA 2014 class,metadata.html,"Predicted probability in percent for: Argids; source: ISRIC - World Soil Information, publication url: http://dx.doi.org/10.1371/journal.pone.0169748, contact: tom.hengl@isric.org",raster,ftp://ftp.soilgrids.org/data/recent/TAXOUSDA_Argids_1km_ll.tif,soil/1km//TAXOUSDA_Argids_1km_ll.tif,,1
soil,TAXOUSDA_Borolls,soils,Borolls,14,USDA 2014 class,metadata.html,"Predicted probability in percent for: Borolls; source: ISRIC - World Soil Information, publication url: http://dx.doi.org/10.1371/journal.pone.0169748, contact: tom.hengl@isric.org",raster,ftp://ftp.soilgrids.org/data/recent/TAXOUSDA_Borolls_1km_ll.tif,soil/1km//TAXOUSDA_Borolls_1km_ll.tif,,1
soil,TAXOUSDA_Calcids,soils,Calcids,15,USDA 2014 class,metadata.html,"Predicted probability in percent for: Calcids; source: ISRIC - World Soil Information, publication url: http://dx.doi.org/10.1371/journal.pone.0169748, contact: tom.hengl@isric.org",raster,ftp://ftp.soilgrids.org/data/recent/TAXOUSDA_Calcids_1km_ll.tif,soil/1km//TAXOUSDA_Calcids_1km_ll.tif,,1
soil,TAXOUSDA_Cambids,soils,Cambids,16,USDA 2014 class,metadata.html,"Predicted probability in percent for: Cambids; source: ISRIC - World Soil Information, publication url: http://dx.doi.org/10.1371/journal.pone.0169748, contact: tom.hengl@isric.org",raster,ftp://ftp.soilgrids.org/data/recent/TAXOUSDA_Cambids_1km_ll.tif,soil/1km//TAXOUSDA_Cambids_1km_ll.tif,,1
soil,TAXOUSDA_Cryalfs,soils,Cryalfs,17,USDA 2014 class,metadata.html,"Predicted probability in percent for: Cryalfs; source: ISRIC - World Soil Information, publication url: http://dx.doi.org/10.1371/journal.pone.0169748, contact: tom.hengl@isric.org",raster,ftp://ftp.soilgrids.org/data/recent/TAXOUSDA_Cryalfs_1km_ll.tif,soil/1km//TAXOUSDA_Cryalfs_1km_ll.tif,,1
soil,TAXOUSDA_Cryands,soils,Cryands,18,USDA 2014 class,metadata.html,"Predicted probability in percent for: Cryands; source: ISRIC - World Soil Information, publication url: http://dx.doi.org/10.1371/journal.pone.0169748, contact: tom.hengl@isric.org",raster,ftp://ftp.soilgrids.org/data/recent/TAXOUSDA_Cryands_1km_ll.tif,soil/1km//TAXOUSDA_Cryands_1km_ll.tif,,1
soil,TAXOUSDA_Cryepts,soils,Cryepts,19,USDA 2014 class,metadata.html,"Predicted probability in percent for: Cryepts; source: ISRIC - World Soil Information, publication url: http://dx.doi.org/10.1371/journal.pone.0169748, contact: tom.hengl@isric.org",raster,ftp://ftp.soilgrids.org/data/recent/TAXOUSDA_Cryepts_1km_ll.tif,soil/1km//TAXOUSDA_Cryepts_1km_ll.tif,,1
soil,TAXOUSDA_Cryids,soils,Cryids,20,USDA 2014 class,metadata.html,"Predicted probability in percent for: Cryids; source: ISRIC - World Soil Information, publication url: http://dx.doi.org/10.1371/journal.pone.0169748, contact: tom.hengl@isric.org",raster,ftp://ftp.soilgrids.org/data/recent/TAXOUSDA_Cryids_1km_ll.tif,soil/1km//TAXOUSDA_Cryids_1km_ll.tif,,1
soil,TAXOUSDA_Cryods,soils,Cryods,21,USDA 2014 class,metadata.html,"Predicted probability in percent for: Cryods; source: ISRIC - World Soil Information, publication url: http://dx.doi.org/10.1371/journal.pone.0169748, contact: tom.hengl@isric.org",raster,ftp://ftp.soilgrids.org/data/recent/TAXOUSDA_Cryods_1km_ll.tif,soil/1km//TAXOUSDA_Cryods_1km_ll.tif,,1
soil,TAXOUSDA_Cryolls,soils,Cryolls,22,USDA 2014 class,metadata.html,"Predicted probability in percent for: Cryolls; source: ISRIC - World Soil Information, publication url: http://dx.doi.org/10.1371/journal.pone.0169748, contact: tom.hengl@isric.org",raster,ftp://ftp.soilgrids.org/data/recent/TAXOUSDA_Cryolls_1km_ll.tif,soil/1km//TAXOUSDA_Cryolls_1km_ll.tif,,1
soil,TAXOUSDA_Durids,soils,Durids,23,USDA 2014 class,metadata.html,"Predicted probability in percent for: Durids; source: ISRIC - World Soil Information, publication url: http://dx.doi.org/10.1371/journal.pone.0169748, contact: tom.hengl@isric.org",raster,ftp://ftp.soilgrids.org/data/recent/TAXOUSDA_Durids_1km_ll.tif,soil/1km//TAXOUSDA_Durids_1km_ll.tif,,1
soil,TAXOUSDA_Fibrists,soils,Fibrists,24,USDA 2014 class,metadata.html,"Predicted probability in percent for: Fibrists; source: ISRIC - World Soil Information, publication url: http://dx.doi.org/10.1371/journal.pone.0169748, contact: tom.hengl@isric.org",raster,ftp://ftp.soilgrids.org/data/recent/TAXOUSDA_Fibrists_1km_ll.tif,soil/1km//TAXOUSDA_Fibrists_1km_ll.tif,,1
soil,TAXOUSDA_Fluvents,soils,Fluvents,25,USDA 2014 class,metadata.html,"Predicted probability in percent for: Fluvents; source: ISRIC - World Soil Information, publication url: http://dx.doi.org/10.1371/journal.pone.0169748, contact: tom.hengl@isric.org",raster,ftp://ftp.soilgrids.org/data/recent/TAXOUSDA_Fluvents_1km_ll.tif,soil/1km//TAXOUSDA_Fluvents_1km_ll.tif,,1
soil,TAXOUSDA_Folists,soils,Folists,26,USDA 2014 class,metadata.html,"Predicted probability in percent for: Folists; source: ISRIC - World Soil Information, publication url: http://dx.doi.org/10.1371/journal.pone.0169748, contact: tom.hengl@isric.org",raster,ftp://ftp.soilgrids.org/data/recent/TAXOUSDA_Folists_1km_ll.tif,soil/1km//TAXOUSDA_Folists_1km_ll.tif,,1
soil,TAXOUSDA_Gelands,soils,Gelands,27,USDA 2014 class,metadata.html,"Predicted probability in percent for: Gelands; source: ISRIC - World Soil Information, publication url: http://dx.doi.org/10.1371/journal.pone.0169748, contact: tom.hengl@isric.org",raster,ftp://ftp.soilgrids.org/data/recent/TAXOUSDA_Gelands_1km_ll.tif,soil/1km//TAXOUSDA_Gelands_1km_ll.tif,,1
soil,TAXOUSDA_Gelods,soils,Gelods,29,USDA 2014 class,metadata.html,"Predicted probability in percent for: Gelods; source: ISRIC - World Soil Information, publication url: http://dx.doi.org/10.1371/journal.pone.0169748, contact: tom.hengl@isric.org",raster,ftp://ftp.soilgrids.org/data/recent/TAXOUSDA_Gelods_1km_ll.tif,soil/1km//TAXOUSDA_Gelods_1km_ll.tif,,1
soil,TAXOUSDA_Gypsids,soils,Gypsids,30,USDA 2014 class,metadata.html,"Predicted probability in percent for: Gypsids; source: ISRIC - World Soil Information, publication url: http://dx.doi.org/10.1371/journal.pone.0169748, contact: tom.hengl@isric.org",raster,ftp://ftp.soilgrids.org/data/recent/TAXOUSDA_Gypsids_1km_ll.tif,soil/1km//TAXOUSDA_Gypsids_1km_ll.tif,,1
soil,TAXOUSDA_Hemists,soils,Hemists,31,USDA 2014 class,metadata.html,"Predicted probability in percent for: Hemists; source: ISRIC - World Soil Information, publication url: http://dx.doi.org/10.1371/journal.pone.0169748, contact: tom.hengl@isric.org",raster,ftp://ftp.soilgrids.org/data/recent/TAXOUSDA_Hemists_1km_ll.tif,soil/1km//TAXOUSDA_Hemists_1km_ll.tif,,1
soil,TAXOUSDA_Histels,soils,Histels,32,USDA 2014 class,metadata.html,"Predicted probability in percent for: Histels; source: ISRIC - World Soil Information, publication url: http://dx.doi.org/10.1371/journal.pone.0169748, contact: tom.hengl@isric.org",raster,ftp://ftp.soilgrids.org/data/recent/TAXOUSDA_Histels_1km_ll.tif,soil/1km//TAXOUSDA_Histels_1km_ll.tif,,1
soil,TAXOUSDA_Humods,soils,Humods,33,USDA 2014 class,metadata.html,"Predicted probability in percent for: Humods; source: ISRIC - World Soil Information, publication url: http://dx.doi.org/10.1371/journal.pone.0169748, contact: tom.hengl@isric.org",raster,ftp://ftp.soilgrids.org/data/recent/TAXOUSDA_Humods_1km_ll.tif,soil/1km//TAXOUSDA_Humods_1km_ll.tif,,1
soil,TAXOUSDA_Humults,soils,Humults,34,USDA 2014 class,metadata.html,"Predicted probability in percent for: Humults; source: ISRIC - World Soil Information, publication url: http://dx.doi.org/10.1371/journal.pone.0169748, contact: tom.hengl@isric.org",raster,ftp://ftp.soilgrids.org/data/recent/TAXOUSDA_Humults_1km_ll.tif,soil/1km//TAXOUSDA_Humults_1km_ll.tif,,1
soil,TAXOUSDA_Ochrepts,soils,Ochrepts,35,USDA 2014 class,metadata.html,"Predicted probability in percent for: Ochrepts; source: ISRIC - World Soil Information, publication url: http://dx.doi.org/10.1371/journal.pone.0169748, contact: tom.hengl@isric.org",raster,ftp://ftp.soilgrids.org/data/recent/TAXOUSDA_Ochrepts_1km_ll.tif,soil/1km//TAXOUSDA_Ochrepts_1km_ll.tif,,1
soil,TAXOUSDA_Orthels,soils,Orthels,36,USDA 2014 class,metadata.html,"Predicted probability in percent for: Orthels; source: ISRIC - World Soil Information, publication url: http://dx.doi.org/10.1371/journal.pone.0169748, contact: tom.hengl@isric.org",raster,ftp://ftp.soilgrids.org/data/recent/TAXOUSDA_Orthels_1km_ll.tif,soil/1km//TAXOUSDA_Orthels_1km_ll.tif,,1
soil,TAXOUSDA_Orthents,soils,Orthents,37,USDA 2014 class,metadata.html,"Predicted probability in percent for: Orthents; source: ISRIC - World Soil Information, publication url: http://dx.doi.org/10.1371/journal.pone.0169748, contact: tom.hengl@isric.org",raster,ftp://ftp.soilgrids.org/data/recent/TAXOUSDA_Orthents_1km_ll.tif,soil/1km//TAXOUSDA_Orthents_1km_ll.tif,,1
soil,TAXOUSDA_Orthods,soils,Orthods,38,USDA 2014 class,metadata.html,"Predicted probability in percent for: Orthods; source: ISRIC - World Soil Information, publication url: http://dx.doi.org/10.1371/journal.pone.0169748, contact: tom.hengl@isric.org",raster,ftp://ftp.soilgrids.org/data/recent/TAXOUSDA_Orthods_1km_ll.tif,soil/1km//TAXOUSDA_Orthods_1km_ll.tif,,1
soil,TAXOUSDA_Perox,soils,Perox,39,USDA 2014 class,metadata.html,"Predicted probability in percent for: Perox; source: ISRIC - World Soil Information, publication url: http://dx.doi.org/10.1371/journal.pone.0169748, contact: tom.hengl@isric.org",raster,ftp://ftp.soilgrids.org/data/recent/TAXOUSDA_Perox_1km_ll.tif,soil/1km//TAXOUSDA_Perox_1km_ll.tif,,1
soil,TAXOUSDA_Psamments,soils,Psamments,40,USDA 2014 class,metadata.html,"Predicted probability in percent for: Psamments; source: ISRIC - World Soil Information, publication url: http://dx.doi.org/10.1371/journal.pone.0169748, contact: tom.hengl@isric.org",raster,ftp://ftp.soilgrids.org/data/recent/TAXOUSDA_Psamments_1km_ll.tif,soil/1km//TAXOUSDA_Psamments_1km_ll.tif,,1
soil,TAXOUSDA_Rendolls,soils,Rendolls,41,USDA 2014 class,metadata.html,"Predicted probability in percent for: Rendolls; source: ISRIC - World Soil Information, publication url: http://dx.doi.org/10.1371/journal.pone.0169748, contact: tom.hengl@isric.org",raster,ftp://ftp.soilgrids.org/data/recent/TAXOUSDA_Rendolls_1km_ll.tif,soil/1km//TAXOUSDA_Rendolls_1km_ll.tif,,1
soil,TAXOUSDA_Salids,soils,Salids,42,USDA 2014 class,metadata.html,"Predicted probability in percent for: Salids; source: ISRIC - World Soil Information, publication url: http://dx.doi.org/10.1371/journal.pone.0169748, contact: tom.hengl@isric.org",raster,ftp://ftp.soilgrids.org/data/recent/TAXOUSDA_Salids_1km_ll.tif,soil/1km//TAXOUSDA_Salids_1km_ll.tif,,1
soil,TAXOUSDA_Saprists,soils,Saprists,43,USDA 2014 class,metadata.html,"Predicted probability in percent for: Saprists; source: ISRIC - World Soil Information, publication url: http://dx.doi.org/10.1371/journal.pone.0169748, contact: tom.hengl@isric.org",raster,ftp://ftp.soilgrids.org/data/recent/TAXOUSDA_Saprists_1km_ll.tif,soil/1km//TAXOUSDA_Saprists_1km_ll.tif,,1
soil,TAXOUSDA_Torrands,soils,Torrands,44,USDA 2014 class,metadata.html,"Predicted probability in percent for: Torrands; source: ISRIC - World Soil Information, publication url: http://dx.doi.org/10.1371/journal.pone.0169748, contact: tom.hengl@isric.org",raster,ftp://ftp.soilgrids.org/data/recent/TAXOUSDA_Torrands_1km_ll.tif,soil/1km//TAXOUSDA_Torrands_1km_ll.tif,,1
soil,TAXOUSDA_Torrerts,soils,Torrerts,45,USDA 2014 class,metadata.html,"Predicted probability in percent for: Torrerts; source: ISRIC - World Soil Information, publication url: http://dx.doi.org/10.1371/journal.pone.0169748, contact: tom.hengl@isric.org",raster,ftp://ftp.soilgrids.org/data/recent/TAXOUSDA_Torrerts_1km_ll.tif,soil/1km//TAXOUSDA_Torrerts_1km_ll.tif,,1
soil,TAXOUSDA_Torrox,soils,Torrox,46,USDA 2014 class,metadata.html,"Predicted probability in percent for: Torrox; source: ISRIC - World Soil Information, publication url: http://dx.doi.org/10.1371/journal.pone.0169748, contact: tom.hengl@isric.org",raster,ftp://ftp.soilgrids.org/data/recent/TAXOUSDA_Torrox_1km_ll.tif,soil/1km//TAXOUSDA_Torrox_1km_ll.tif,,1
soil,TAXOUSDA_Turbels,soils,Turbels,47,USDA 2014 class,metadata.html,"Predicted probability in percent for: Turbels; source: ISRIC - World Soil Information, publication url: http://dx.doi.org/10.1371/journal.pone.0169748, contact: tom.hengl@isric.org",raster,ftp://ftp.soilgrids.org/data/recent/TAXOUSDA_Turbels_1km_ll.tif,soil/1km//TAXOUSDA_Turbels_1km_ll.tif,,1
soil,TAXOUSDA_Udalfs,soils,Udalfs,48,USDA 2014 class,metadata.html,"Predicted probability in percent for: Udalfs; source: ISRIC - World Soil Information, publication url: http://dx.doi.org/10.1371/journal.pone.0169748, contact: tom.hengl@isric.org",raster,ftp://ftp.soilgrids.org/data/recent/TAXOUSDA_Udalfs_1km_ll.tif,soil/1km//TAXOUSDA_Udalfs_1km_ll.tif,,1
soil,TAXOUSDA_Udands,soils,Udands,49,USDA 2014 class,metadata.html,"Predicted probability in percent for: Udands; source: ISRIC - World Soil Information, publication url: http://dx.doi.org/10.1371/journal.pone.0169748, contact: tom.hengl@isric.org",raster,ftp://ftp.soilgrids.org/data/recent/TAXOUSDA_Udands_1km_ll.tif,soil/1km//TAXOUSDA_Udands_1km_ll.tif,,1
soil,TAXOUSDA_Udepts,soils,Udepts,50,USDA 2014 class,metadata.html,"Predicted probability in percent for: Udepts; source: ISRIC - World Soil Information, publication url: http://dx.doi.org/10.1371/journal.pone.0169748, contact: tom.hengl@isric.org",raster,ftp://ftp.soilgrids.org/data/recent/TAXOUSDA_Udepts_1km_ll.tif,soil/1km//TAXOUSDA_Udepts_1km_ll.tif,,1
soil,TAXOUSDA_Uderts,soils,Uderts,51,USDA 2014 class,metadata.html,"Predicted probability in percent for: Uderts; source: ISRIC - World Soil Information, publication url: http://dx.doi.org/10.1371/journal.pone.0169748, contact: tom.hengl@isric.org",raster,ftp://ftp.soilgrids.org/data/recent/TAXOUSDA_Uderts_1km_ll.tif,soil/1km//TAXOUSDA_Uderts_1km_ll.tif,,1
soil,TAXOUSDA_Udolls,soils,Udolls,52,USDA 2014 class,metadata.html,"Predicted probability in percent for: Udolls; source: ISRIC - World Soil Information, publication url: http://dx.doi.org/10.1371/journal.pone.0169748, contact: tom.hengl@isric.org",raster,ftp://ftp.soilgrids.org/data/recent/TAXOUSDA_Udolls_1km_ll.tif,soil/1km//TAXOUSDA_Udolls_1km_ll.tif,,1
soil,TAXOUSDA_Udox,soils,Udox,53,USDA 2014 class,metadata.html,"Predicted probability in percent for: Udox; source: ISRIC - World Soil Information, publication url: http://dx.doi.org/10.1371/journal.pone.0169748, contact: tom.hengl@isric.org",raster,ftp://ftp.soilgrids.org/data/recent/TAXOUSDA_Udox_1km_ll.tif,soil/1km//TAXOUSDA_Udox_1km_ll.tif,,1
soil,TAXOUSDA_Udults,soils,Udults,54,USDA 2014 class,metadata.html,"Predicted probability in percent for: Udults; source: ISRIC - World Soil Information, publication url: http://dx.doi.org/10.1371/journal.pone.0169748, contact: tom.hengl@isric.org",raster,ftp://ftp.soilgrids.org/data/recent/TAXOUSDA_Udults_1km_ll.tif,soil/1km//TAXOUSDA_Udults_1km_ll.tif,,1
soil,TAXOUSDA_Ustalfs,soils,Ustalfs,55,USDA 2014 class,metadata.html,"Predicted probability in percent for: Ustalfs; source: ISRIC - World Soil Information, publication url: http://dx.doi.org/10.1371/journal.pone.0169748, contact: tom.hengl@isric.org",raster,ftp://ftp.soilgrids.org/data/recent/TAXOUSDA_Ustalfs_1km_ll.tif,soil/1km//TAXOUSDA_Ustalfs_1km_ll.tif,,1
soil,TAXOUSDA_Ustands,soils,Ustands,56,USDA 2014 class,metadata.html,"Predicted probability in percent for: Ustands; source: ISRIC - World Soil Information, publication url: http://dx.doi.org/10.1371/journal.pone.0169748, contact: tom.hengl@isric.org",raster,ftp://ftp.soilgrids.org/data/recent/TAXOUSDA_Ustands_1km_ll.tif,soil/1km//TAXOUSDA_Ustands_1km_ll.tif,,1
soil,TAXOUSDA_Ustepts,soils,Ustepts,57,USDA 2014 class,metadata.html,"Predicted probability in percent for: Ustepts; source: ISRIC - World Soil Information, publication url: http://dx.doi.org/10.1371/journal.pone.0169748, contact: tom.hengl@isric.org",raster,ftp://ftp.soilgrids.org/data/recent/TAXOUSDA_Ustepts_1km_ll.tif,soil/1km//TAXOUSDA_Ustepts_1km_ll.tif,,1
soil,TAXOUSDA_Usterts,soils,Usterts,58,USDA 2014 class,metadata.html,"Predicted probability in percent for: Usterts; source: ISRIC - World Soil Information, publication url: http://dx.doi.org/10.1371/journal.pone.0169748, contact: tom.hengl@isric.org",raster,ftp://ftp.soilgrids.org/data/recent/TAXOUSDA_Usterts_1km_ll.tif,soil/1km//TAXOUSDA_Usterts_1km_ll.tif,,1
soil,TAXOUSDA_Ustolls,soils,Ustolls,59,USDA 2014 class,metadata.html,"Predicted probability in percent for: Ustolls; source: ISRIC - World Soil Information, publication url: http://dx.doi.org/10.1371/journal.pone.0169748, contact: tom.hengl@isric.org",raster,ftp://ftp.soilgrids.org/data/recent/TAXOUSDA_Ustolls_1km_ll.tif,soil/1km//TAXOUSDA_Ustolls_1km_ll.tif,,1
soil,TAXOUSDA_Ustox,soils,Ustox,60,USDA 2014 class,metadata.html,"Predicted probability in percent for: Ustox; source: ISRIC - World Soil Information, publication url: http://dx.doi.org/10.1371/journal.pone.0169748, contact: tom.hengl@isric.org",raster,ftp://ftp.soilgrids.org/data/recent/TAXOUSDA_Ustox_1km_ll.tif,soil/1km//TAXOUSDA_Ustox_1km_ll.tif,,1
soil,TAXOUSDA_Ustults,soils,Ustults,61,USDA 2014 class,metadata.html,"Predicted probability in percent for: Ustults; source: ISRIC - World Soil Information, publication url: http://dx.doi.org/10.1371/journal.pone.0169748, contact: tom.hengl@isric.org",raster,ftp://ftp.soilgrids.org/data/recent/TAXOUSDA_Ustults_1km_ll.tif,soil/1km//TAXOUSDA_Ustults_1km_ll.tif,,1
soil,TAXOUSDA_Vitrands,soils,Vitrands,62,USDA 2014 class,metadata.html,"Predicted probability in percent for: Vitrands; source: ISRIC - World Soil Information, publication url: http://dx.doi.org/10.1371/journal.pone.0169748, contact: tom.hengl@isric.org",raster,ftp://ftp.soilgrids.org/data/recent/TAXOUSDA_Vitrands_1km_ll.tif,soil/1km//TAXOUSDA_Vitrands_1km_ll.tif,,1
soil,TAXOUSDA_Xeralfs,soils,Xeralfs,63,USDA 2014 class,metadata.html,"Predicted probability in percent for: Xeralfs; source: ISRIC - World Soil Information, publication url: http://dx.doi.org/10.1371/journal.pone.0169748, contact: tom.hengl@isric.org",raster,ftp://ftp.soilgrids.org/data/recent/TAXOUSDA_Xeralfs_1km_ll.tif,soil/1km//TAXOUSDA_Xeralfs_1km_ll.tif,,1
soil,TAXOUSDA_Xerands,soils,Xerands,64,USDA 2014 class,metadata.html,"Predicted probability in percent for: Xerands; source: ISRIC - World Soil Information, publication url: http://dx.doi.org/10.1371/journal.pone.0169748, contact: tom.hengl@isric.org",raster,ftp://ftp.soilgrids.org/data/recent/TAXOUSDA_Xerands_1km_ll.tif,soil/1km//TAXOUSDA_Xerands_1km_ll.tif,,1
soil,TAXOUSDA_Xerepts,soils,Xerepts,65,USDA 2014 class,metadata.html,"Predicted probability in percent for: Xerepts; source: ISRIC - World Soil Information, publication url: http://dx.doi.org/10.1371/journal.pone.0169748, contact: tom.hengl@isric.org",raster,ftp://ftp.soilgrids.org/data/recent/TAXOUSDA_Xerepts_1km_ll.tif,soil/1km//TAXOUSDA_Xerepts_1km_ll.tif,,1
soil,TAXOUSDA_Xererts,soils,Xererts,66,USDA 2014 class,metadata.html,"Predicted probability in percent for: Xererts; source: ISRIC - World Soil Information, publication url: http://dx.doi.org/10.1371/journal.pone.0169748, contact: tom.hengl@isric.org",raster,ftp://ftp.soilgrids.org/data/recent/TAXOUSDA_Xererts_1km_ll.tif,soil/1km//TAXOUSDA_Xererts_1km_ll.tif,,1
soil,TAXOUSDA_Xerolls,soils,Xerolls,67,USDA 2014 class,metadata.html,"Predicted probability in percent for: Xerolls; source: ISRIC - World Soil Information, publication url: http://dx.doi.org/10.1371/journal.pone.0169748, contact: tom.hengl@isric.org",raster,ftp://ftp.soilgrids.org/data/recent/TAXOUSDA_Xerolls_1km_ll.tif,soil/1km//TAXOUSDA_Xerolls_1km_ll.tif,,1
soil,TAXOUSDA_Xerults,soils,Xerults,68,USDA 2014 class,metadata.html,"Predicted probability in percent for: Xerults; source: ISRIC - World Soil Information, publication url: http://dx.doi.org/10.1371/journal.pone.0169748, contact: tom.hengl@isric.org",raster,ftp://ftp.soilgrids.org/data/recent/TAXOUSDA_Xerults_1km_ll.tif,soil/1km//TAXOUSDA_Xerults_1km_ll.tif,,1
soil,TEXMHT_M_sl1,soils,sl1,1,Texture class (USDA system),metadata.html,"Texture class (USDA system) at depth 0.00 m; source: ISRIC - World Soil Information, publication url: http://dx.doi.org/10.1371/journal.pone.0169748, contact: tom.hengl@isric.org",raster,ftp://ftp.soilgrids.org/data/recent/TEXMHT_M_sl1_1km_ll.tif,soil/1km//TEXMHT_M_sl1_1km_ll.tif,,1
soil,TEXMHT_M_sl2,soils,sl2,2,Texture class (USDA system),metadata.html,"Texture class (USDA system) at depth 0.05 m; source: ISRIC - World Soil Information, publication url: http://dx.doi.org/10.1371/journal.pone.0169748, contact: tom.hengl@isric.org",raster,ftp://ftp.soilgrids.org/data/recent/TEXMHT_M_sl2_1km_ll.tif,soil/1km//TEXMHT_M_sl2_1km_ll.tif,,1
soil,TEXMHT_M_sl3,soils,sl3,3,Texture class (USDA system),metadata.html,"Texture class (USDA system) at depth 0.15 m; source: ISRIC - World Soil Information, publication url: http://dx.doi.org/10.1371/journal.pone.0169748, contact: tom.hengl@isric.org",raster,ftp://ftp.soilgrids.org/data/recent/TEXMHT_M_sl3_1km_ll.tif,soil/1km//TEXMHT_M_sl3_1km_ll.tif,,1
soil,TEXMHT_M_sl4,soils,sl4,4,Texture class (USDA system),metadata.html,"Texture class (USDA system) at depth 0.30 m; source: ISRIC - World Soil Information, publication url: http://dx.doi.org/10.1371/journal.pone.0169748, contact: tom.hengl@isric.org",raster,ftp://ftp.soilgrids.org/data/recent/TEXMHT_M_sl4_1km_ll.tif,soil/1km//TEXMHT_M_sl4_1km_ll.tif,,1
soil,TEXMHT_M_sl5,soils,sl5,5,Texture class (USDA system),metadata.html,"Texture class (USDA system) at depth 0.60 m; source: ISRIC - World Soil Information, publication url: http://dx.doi.org/10.1371/journal.pone.0169748, contact: tom.hengl@isric.org",raster,ftp://ftp.soilgrids.org/data/recent/TEXMHT_M_sl5_1km_ll.tif,soil/1km//TEXMHT_M_sl5_1km_ll.tif,,1
soil,TEXMHT_M_sl6,soils,sl6,6,Texture class (USDA system),metadata.html,"Texture class (USDA system) at depth 1.00 m; source: ISRIC - World Soil Information, publication url: http://dx.doi.org/10.1371/journal.pone.0169748, contact: tom.hengl@isric.org",raster,ftp://ftp.soilgrids.org/data/recent/TEXMHT_M_sl6_1km_ll.tif,soil/1km//TEXMHT_M_sl6_1km_ll.tif,,1
soil,TEXMHT_M_sl7,soils,sl7,7,Texture class (USDA system),metadata.html,"Texture class (USDA system) at depth 2.00 m; source: ISRIC - World Soil Information, publication url: http://dx.doi.org/10.1371/journal.pone.0169748, contact: tom.hengl@isric.org",raster,ftp://ftp.soilgrids.org/data/recent/TEXMHT_M_sl7_1km_ll.tif,soil/1km//TEXMHT_M_sl7_1km_ll.tif,,1
soil,WWP_M_sl1,soils,sl1,1,Available soil water capacity (volumetric fraction) until wilting point,metadata.html,"Derived available soil water capacity (volumetric fraction) until wilting point for depth 0 cm; source: ISRIC - World Soil Information, publication url: http://dx.doi.org/10.1371/journal.pone.0169748, contact: tom.hengl@isric.org",raster,ftp://ftp.soilgrids.org/data/recent/WWP_M_sl1_1km_ll.tif,soil/1km//WWP_M_sl1_1km_ll.tif,,1
soil,WWP_M_sl2,soils,sl2,2,Available soil water capacity (volumetric fraction) until wilting point,metadata.html,"Derived available soil water capacity (volumetric fraction) until wilting point for depth 5 cm; source: ISRIC - World Soil Information, publication url: http://dx.doi.org/10.1371/journal.pone.0169748, contact: tom.hengl@isric.org",raster,ftp://ftp.soilgrids.org/data/recent/WWP_M_sl2_1km_ll.tif,soil/1km//WWP_M_sl2_1km_ll.tif,,1
soil,WWP_M_sl3,soils,sl3,3,Available soil water capacity (volumetric fraction) until wilting point,metadata.html,"Derived available soil water capacity (volumetric fraction) until wilting point for depth 15 cm; source: ISRIC - World Soil Information, publication url: http://dx.doi.org/10.1371/journal.pone.0169748, contact: tom.hengl@isric.org",raster,ftp://ftp.soilgrids.org/data/recent/WWP_M_sl3_1km_ll.tif,soil/1km//WWP_M_sl3_1km_ll.tif,,1
soil,WWP_M_sl4,soils,sl4,4,Available soil water capacity (volumetric fraction) until wilting point,metadata.html,"Derived available soil water capacity (volumetric fraction) until wilting point for depth 30 cm; source: ISRIC - World Soil Information, publication url: http://dx.doi.org/10.1371/journal.pone.0169748, contact: tom.hengl@isric.org",raster,ftp://ftp.soilgrids.org/data/recent/WWP_M_sl4_1km_ll.tif,soil/1km//WWP_M_sl4_1km_ll.tif,,1
soil,WWP_M_sl5,soils,sl5,5,Available soil water capacity (volumetric fraction) until wilting point,metadata.html,"Derived available soil water capacity (volumetric fraction) until wilting point for depth 60 cm; source: ISRIC - World Soil Information, publication url: http://dx.doi.org/10.1371/journal.pone.0169748, contact: tom.hengl@isric.org",raster,ftp://ftp.soilgrids.org/data/recent/WWP_M_sl5_1km_ll.tif,soil/1km//WWP_M_sl5_1km_ll.tif,,1
soil,WWP_M_sl6,soils,sl6,6,Available soil water capacity (volumetric fraction) until wilting point,metadata.html,"Derived available soil water capacity (volumetric fraction) until wilting point for depth 100 cm; source: ISRIC - World Soil Information, publication url: http://dx.doi.org/10.1371/journal.pone.0169748, contact: tom.hengl@isric.org",raster,ftp://ftp.soilgrids.org/data/recent/WWP_M_sl6_1km_ll.tif,soil/1km//WWP_M_sl6_1km_ll.tif,,1
soil,WWP_M_sl7,soils,sl7,7,Available soil water capacity (volumetric fraction) until wilting point,metadata.html,"Derived available soil water capacity (volumetric fraction) until wilting point for depth 200 cm; source: ISRIC - World Soil Information, publication url: http://dx.doi.org/10.1371/journal.pone.0169748, contact: tom.hengl@isric.org",raster,ftp://ftp.soilgrids.org/data/recent/WWP_M_sl7_1km_ll.tif,soil/1km//WWP_M_sl7_1km_ll.tif,,1
